Date	Source	Sentiment	Headline	Summary	URL
2026-02-26	Yahoo	0.025	5 European Oil Stocks To Buy As Iran Risk Premium Boosts Oil Prices	UBS analysts say that the current geopolitical and macroeconomic backdrop could favour upstream-levered European producers in the near term	https://finance.yahoo.com/news/5-european-oil-stocks-buy-010000941.html?.tsrc=rss
2026-02-26	Google	0.0	TotalEnergies (TTE) Price Target Raised by $10 - Yahoo Finance		https://news.google.com/rss/articles/CBMiiwFBVV95cUxNM3dSUGtBcTJBbHBkZTV4dFYxd0RaellGVjVEOTctbnZYaDVIOVNGLUdaWmtXUi1OeGJGYm1SSkxUaDR4djlXTkV1dnpndlh6cXVhMkxNODlzcmlxbWx3YlBVVWFTSWg2c2ZKQ3diUWdVYU5KVFExM0NMZnhPYVdpNzAyZk12b2RsVnpz?oc=5
2026-02-25	Yahoo	0.283	Kashagan partners take Kazakhstan to arbitration over $4.6bn fine	In 2023, the consortium faced an ecological fine over alleged sulphur storage breaches at Kashagan's gas facilities.	https://www.offshore-technology.com/news/kashagan-partners-take-kazakhstan-arbitration-fine/?.tsrc=rss
2026-02-24	Yahoo	0.139	Update: Market Chatter: Shell, TotalEnergies, Eni, Exxon Mobil Begin Arbitration Over $4.6 Billion Kazakh Fine	(Updates with statement from consortium in the third and fourth paragraphs.) Shell (SHEL), TotalE	https://finance.yahoo.com/news/market-chatter-shell-totalenergies-eni-140108263.html?.tsrc=rss
2026-02-24	Yahoo	0.0	Sector Update: Energy	Energy stocks were lower Tuesday afternoon, with the NYSE Energy Sector Index decreasing 0.2% and th	https://finance.yahoo.com/news/sector-energy-182120832.html?.tsrc=rss
2026-02-24	Yahoo	0.0	Sector Update: Energy Stocks Decline Tuesday Afternoon	Energy stocks were lower Tuesday afternoon, with the NYSE Energy Sector Index decreasing 0.2% and th	https://finance.yahoo.com/news/sector-energy-stocks-decline-tuesday-184750895.html?.tsrc=rss
2026-02-23	Yahoo	0.25	Sector Update: Energy Stocks Edge Higher Premarket Monday	Energy stocks were edging higher premarket Monday, with the State Street Energy Select Sector SPDR E	https://finance.yahoo.com/news/sector-energy-stocks-edge-higher-142322660.html?.tsrc=rss
2026-02-23	Yahoo	0.25	Sector Update: Energy Stocks Rise Monday Afternoon	Energy stocks were higher Monday afternoon, with the NYSE Energy Sector Index rising 0.3% and the St	https://finance.yahoo.com/news/sector-energy-stocks-rise-monday-185039779.html?.tsrc=rss
2026-02-23	Yahoo	0.055	TotalEnergies Trial Puts Oil Growth Plans And Transition Story To Test	TotalEnergies (ENXTPA:TTE) is facing a potential trial over alleged environmental negligence. NGOs are asking the court to order reductions in oil and gas production and to stop new hydrocarbon projects. The case seeks legally binding changes to the company’s future project pipeline and production profile. TotalEnergies, a global multi energy group with a large oil and gas footprint alongside growing low carbon activities, is now at the center of a legal test of environmental...	https://finance.yahoo.com/news/totalenergies-trial-puts-oil-growth-141131765.html?.tsrc=rss
2026-02-23	Google	0.0	Man Posing as TTE Caught Red-Handed on Moving Train in Jammu - KNS Kashmir		https://news.google.com/rss/articles/CBMimgFBVV95cUxOZVpMMExOYU96YldkSE50MHdicC1jUGJPZnhhZUYyRGNiWXhpTkh6dmYydHNmSnhZb0lLNF82eXpEWjRZQUt1b1hQQWRSSEtoNmk1VHdkTFJTV283V0xwUmxoeGhpbmk4QmNXQTBZY1Azc0pRdWFqQ01zcTRJVjF1YTk1eHBDdGpYUEo4LV9HeU9kdF9pXzI0OGN3?oc=5
2026-02-23	Google	0.0	Man posing as TTE held on board a train in J-K’s Kathua - ThePrint		https://news.google.com/rss/articles/CBMikwFBVV95cUxPWmNoUnJPQ18zQW8wLVg2RGNGbHByalk2R2NlaWtjTGVTbHRPWmYxY2ZnOXV0N1pLdjVLVTlMYkVpZHpHV2hEdVBncUZ4VXhBS1lMZnJlRDNoOVYwWmlnbzFxU1U1OFlQUm53dGVvN1BZd3ZrS3UzeEV0emJsS0d0Nk52ZGxuaHB2ZmlWOUQzNE5yODTSAZgBQVVfeXFMTVFySEdqRlhWTTl5UElJcGVzXzVCY1VPckVzWi11bmVnUmw5V1l6aXdHOUNCeGc2Vkp0YjRibHJ1eTMwR3Z1Q29CeWxVdTNId0pnOVlOcDlGUjlXZklDbUpJX1hrSHZTN1hZRG51bmNPYWZVTjRjSklHUGlfSmphTWNkTzh1S0N2OV8zWGhhRmZTYzNxUXMwQno?oc=5
2026-02-20	Yahoo	0.15	Industrial Robotics Lubricants Market Size, Trends and Growth Outlook 2026-2030 Featuring Shell, ExxonMobil, Castrol, TotalEnergies, Chevron Corp. and More	"Key opportunities include the demand for precision robotics, IoT-enabled systems, and nano-additive lubricants. APAC leads due to robust manufacturing and robot installations. Industrial Robotics Lubricants Market Industrial Robotics Lubricants Market Dublin, Feb. 20, 2026 (GLOBE NEWSWIRE) -- The ""Industrial Robotics Lubricants Market"" has been added to ResearchAndMarkets.com's offering.The global market for industrial robotics lubricants is projected to expand significantly, reaching $16.2 bill"	https://finance.yahoo.com/news/industrial-robotics-lubricants-market-size-125100727.html?.tsrc=rss
2026-02-19	Yahoo	-0.12	TotalEnergies in high-stakes French trial over climate change	TotalEnergies faces cutting back oil and gas production if NGOs prevail in a trial that began Thursday over accusations the French energy giant failed to properly consider environmental risks.The plaintiffs are demanding TotalEnergies stop developing new hydrocarbon projects as well as make a 37 percent reduction in oil production and a 25 percent reduction in gas production by 2030.	https://finance.yahoo.com/news/totalenergies-high-stakes-french-trial-153713221.html?.tsrc=rss
2026-02-18	Google	0.25	Assessing TotalEnergies (ENXTPA:TTE) Valuation After Higher 2025 Payouts And Energy Transition Progress - simplywall.st		https://news.google.com/rss/articles/CBMizgFBVV95cUxObzI0WVNndHR6QjFneHlKVFROMGIxUmFqMjdESHI0dlVIalp0TWZtTS1kNjFpc0UtQXFqZXV2cTlqY2R5ZmZwQlhCODdydGZNOERwUzdZSXJ4RV9tcGFsX2F0d3l1V3h1YUxLWXRBblNKREdtLWNhNzlucFNxYjZSOFE4VTJUOVA2SFhGOTJSQTRhYUZsU2RERWIxWExyVkJscDVFbE5lRzJkS1FMM2phVWhMY1RENWRXbm1XYU00djVSVGpLM2xOUld2QUlSZw?oc=5
2026-02-18	Yahoo	0.126	2025 Competitor Analysis of Global Biodiesel Market: Recent Developments, Company Strategies, Sustainability Benchmarking, Product Launches, Key Persons, and Revenue Forecasts to 2033	The global biodiesel market is projected to grow significantly, reaching US$ 70.61 billion by 2033 from US$ 44.13 billion in 2025, with a CAGR of 6.05% between 2025-2033. This growth is driven by rising demand for renewable energy, supportive government policies, and increased awareness of carbon emission reduction. Biodiesel, a biodegradable fuel from natural sources like vegetable oils and animal fats, offers environmental benefits by emitting fewer carbons than petrol diesel. Major manufactur	https://finance.yahoo.com/news/2025-competitor-analysis-global-biodiesel-161100811.html?.tsrc=rss
2026-02-18	Google	0.0	Army aspirant accuses TTE of rape attempt - The Times of India		https://news.google.com/rss/articles/CBMitwFBVV95cUxNNndDV3dKOTZXNm53WHFCRF95VnRrWGZXQmJkRlRrUFQwcXJQU0E5a09iV2RRWWZoYVBIeERiS2RYZ1k2SHQ5QVdFUTBrSGdIYVEzMGwybFQyOTREbDFUcFRmMVpjdjMxbFhFX1VYN0h4d0FENUxwWDJkaS1US1ZtZlF4eGhyYW4wMkE1VHQta1A1S1FqX2NEaFM4YWtwSEFJekNvcW4yeE43SFhVVE1IQVBWYlRBQkHSAbwBQVVfeXFMT294eVhPUnVfQWdQMlVqNnRkZUowbDc5Z2JlS29mWTdsWkJpSkxjVktlam9LLVdUQ00zUEdfRGtVaXZMc3doR29Ub2VrQU1MQ1RJZHdmcVhjNFA5WURvOE00Q0RDamRTT2JEZTdzS2xzVWJNbkNJOE5EMkpCdVZBMFJ6N0xZd05zUlhSQ1hKY2h3S1FnVXRaVU9iSTZwczd3VXhUU1o0OTg0LVhVQ0JXaE5lVktxWWFpNG1aRnM?oc=5
2026-02-18	Yahoo	0.0	Devon Q4 Earnings & Revenues Beat Estimates, Production Increases	DVN's beats Q4 earnings and revenue estimates as production tops guidance and costs fall, even as oil prices slide year over year.	https://finance.yahoo.com/news/devon-q4-earnings-revenues-beat-125300312.html?.tsrc=rss
2026-02-17	Yahoo	0.224	Is It Too Late To Consider TotalEnergies (ENXTPA:TTE) After Strong Five Year Share Gains?	If you are wondering whether TotalEnergies at around €64.57 is offering good value or asking too much, you are not alone. That is exactly what this review is set up to unpack. The stock has returned 3.3% over the past 7 days, 13.7% over 30 days, 15.1% year to date, 16.1% over 1 year and 29.6% over 3 years, with a very large 5 year return of 127.5% that raises fair questions about what is already priced in. Recent coverage around the oil and gas sector, energy transition policies and capital...	https://finance.yahoo.com/news/too-consider-totalenergies-enxtpa-tte-231439173.html?.tsrc=rss
2026-02-17	Google	0.136	Fund Update: New $592.8M $TTE stock position opened by JANUS HENDERSON GROUP PLC - Quiver Quantitative		https://news.google.com/rss/articles/CBMiuwFBVV95cUxNUHNCalkwRDBGVjRFQU5kcU5qZkJOb0dUVDUxV3daUkV5TWFtb3M1NVFHR2ZucS15TDN3cV9reUVXaXY5SE81OGpsRUxtd3FDV1VYV3pjSkl2Z1hPRXFoejUxVWFRa2loakFJc0RpTHl5UExMb012N3M4cmd4QTNicUxyMTZCUnhDQUpkX2t4a3ZsU1VOc2RRWFc0eUtQVWtvQkdOb3dfVThfcWtBQndtQUtfS2oyRjJpVldj?oc=5
2026-02-17	Yahoo	0.011	TotalEnergies EV Push In Benelux Versus Suriname Project Uncertainty	TotalEnergies and Tikehau Capital are partnering to expand public electric vehicle charging infrastructure across Belgium and the Netherlands. The joint venture focuses on building out charging networks in key Benelux urban and transit locations. At the same time, the GranMorgu oil project in Suriname, planned as a low emission development, is facing uncertainty linked to local economic and governance conditions. For investors following TotalEnergies (ENXTPA:TTE), the stock recently closed...	https://finance.yahoo.com/news/totalenergies-ev-push-benelux-versus-080708381.html?.tsrc=rss
2026-02-17	Google	0.0	Army aspirant accuses TTE of rape bid on train in UP - The Times of India		https://news.google.com/rss/articles/CBMivAFBVV95cUxOQ1BfN3NNc1RUTG55T29xUjNWNFdOZEgzbi1MN1pUSFdlRHVseHZwOU5WdWQ1NzU1R1RZVzBUZmt0WVIxaG5uTFIzRUR0b1F4Y1EyQURfQ25LcEd6dC1keHJRd2NIcE91Y0JBTEFibWlBN2VMX3gtejdINjZQRm9nNGhUUFNVY2dUM0JhNDNGWDdodXJmQUQxQUJDWW9nV1ZuZUl2TktfSkRJczFBSFdRRm5lcndqYnBMTmJKZtIBwgFBVV95cUxOY0xKcWJvZ01DNTBOTDR1M29vUHNXVjJMcHpKWWdsVkpMa1ZQZUExWGtRYWZjT19wcmFRUjhtQWppZlBaZnluQ0JORkNiMXg5Z1cxLTVaY2dkVHNNUUN2ZG56bWs4bkJZeFRzSU1uUzlBd3A0ZTFyVE51cXFxYzNQZ2RvZ01fWW5Wd0pSblZhZzRrd2FtYWxpelJRQkl6alBkejEyUEZsSWJLdmloSmJzeFg2RTNJMG5DTjk5QTY0dGNOZw?oc=5
2026-02-17	Yahoo	0.0	Big Oil executives under pressure to spell out growth plans	Big Oil executives are under pressure to spell out their plans for future growth after years of cost-cutting and heightened shareholder returns...	https://finance.yahoo.com/news/big-oil-executives-under-pressure-050012498.html?.tsrc=rss
2026-02-17	Google	0.0	TD Cowen Maintains TotalEnergies(TTE.US) With Hold Rating, Raises Target Price to $80 - 富途牛牛		https://news.google.com/rss/articles/CBMirwFBVV95cUxNYzhXVnlhX0YyOHBpUWpqMjdCd3RzbjR4cWcyUklhVnZFdUM5RGxGT2pVVER0cG1yOFlJRkl6ODBZMFFSSmhWbVNKRGVrTzk3b2k1QTEyTE81M0Y1Unp2aU5kV3Z3cmhwZVhTX1Jtal92b3ptN1BMTFBMUmlHVDRMWHhZUVJvZnNySnBDNy1za2VqZ3E0MjB6dVJoRzZDMmZ0eHZJRDVVcjdVdzBaU2Mw?oc=5
2026-02-16	Yahoo	0.2	Suriname's Oil Boom Faces Economic Headwinds Despite Major Discovery	Suriname's impending oil boom from the GranMorgu project, led by TotalEnergies and APA Corporation, is threatened by severe economic instability, high national debt, and governance issues, despite promising a significant economic windfall for the country.	https://finance.yahoo.com/news/surinames-oil-boom-faces-economic-220000869.html?.tsrc=rss
2026-02-16	Google	0.0	TotalEnergies SE (TTE): A bull case theory - MSN		https://news.google.com/rss/articles/CBMiuwJBVV95cUxNQ3ZJU3RSbjNXNGotSWlQcTNrS3NsMVMwYlc1b3N1MUVxYnFYd0JWV1NVbks1SzNaVk1GLUR1WVFhQW12bE1JS1o2YldIQU5VeExtRVh2MlJQOGJXRE9BMl8zeDRHaWRLYnFVNXFpWm82ZlQxRzRMR3U0OHdGajh4MlI0VVFXY09ycWtQakxOSkJJZ0d6cnV3ZnBNUUdvXy13LWlIOFoydDFXN1pYQjVjSGtvMGpRY0FrNXJ3T0htOHBmSWJpZzJiZUs4ZkpCbHpIUk5IQ2gxcHI3alZWaHVyOVFSSEtRYXMySW9DUHRPbS1sM3R2a0lpWjFkYTRsSGpPNzdxOGhXNzBkeEI0RGFhSm9OdlhQWWJST0NZd0d3aWRlck9yeThzVUNBT1ctYllYUmlCVzlLT2VnR2s?oc=5
2026-02-15	Yahoo	0.233	TotalEnergies (TTE) Expands EV Charging Network in Belgium and Netherlands	TotalEnergies SE (NYSE:TTE) ranks among the best undervalued European stocks to buy now. TotalEnergies SE (NYSE:TTE) has been on a spree of partnerships and collaborations of late. The company, in collaboration with Tikehau Capital, announced on February 4 the launch of an equally-owned shared investment platform to build charging stations for electric vehicles in Belgium […]	https://finance.yahoo.com/news/totalenergies-tte-expands-ev-charging-141100824.html?.tsrc=rss
2026-02-15	Google	-0.05	TotalEnergies (TTE) Expands EV Charging Network in Belgium and Netherlands - Insider Monkey		https://news.google.com/rss/articles/CBMitwFBVV95cUxNX0xUVncyS1doNkkzbElRWlI3WUNNcDJOcFRRc214d0cyMkg3b25fbkNiMWhXRWtPamMzQTg5LVY5Y0Y1ZDhDeDFFMTF5NkIwY0t2Q0ZEeDJnYnBvSVpZei1pLUtkQmVHTGE5N25lMWwzWVprc2dfLTUwODlzeVVjby0zelVLRTRaN3g3MGZKRnVsY1VrSmthSWtORWdEN0hvUHVVeDFzUDljcmhWcHo0TTdIY1RyTEnSAb8BQVVfeXFMTXpVQ0IxZmJmZTZLU0RrUU5yNWc3M2FJTlRlZlRwNHFCQmM0Ry1NSGtWTXZDbXhaeldiVGNYd0ZCQVdKd3NhYmFIRmRGWHEyRmJaWU1mVHpsTWh3b2NBLXdoWUczZHM5YW1mYlpCX1BJVjV4Qi1nQXNpbW1iYmdCTDNWa1FEaTEwdVowMHJDZFNZRGN1WW9yRVBCODRLOThlcnZOMG5HOEs4Vk5uMV9TRjFiT3RjZy1EUzJWc1g0ZUE?oc=5
2026-02-14	Google	0.0	TotalEnergies: LNG Exposure And AI Power Demand Offer Structural Growth - Seeking Alpha		https://news.google.com/rss/articles/CBMisAFBVV95cUxQNXNzZURXbXBRZ0pHTWQ3d0w4UTdRbmdOS1VEUlZta0hKdkxjTlZoSWVwOVdXUU5lYlpvYjM1TXU4ZjViTkVLTjhTT3dRYWJROTBrVmNsVTFfb1p6MGVaTGFkWDRudnJWR2xMMGVFVzZCTFU1TVlzZXBRWjJUb2pKTVZEbGxFQUpqU1ZLdGlEczRsMTNVa1JaTFFCdTdUc1FqbHpNNVFRQ29Db1p1UlNvVA?oc=5
2026-02-13	Yahoo	0.196	TotalEnergies SE (TTE) Full Year 2025 Earnings Call Highlights: Strong Financial Performance ...	TotalEnergies SE (TTE) reports robust net adjusted income and cash flow, while advancing renewable capacity and emissions reduction goals.	https://finance.yahoo.com/news/totalenergies-se-tte-full-2025-010545989.html?.tsrc=rss
2026-02-13	Yahoo	0.115	3 European Dividend Stocks To Watch With Up To 5.2% Yield	As optimism about the eurozone economy underpins investor sentiment, the pan-European STOXX Europe 600 Index has reached new highs despite recent market volatility. In this environment, dividend stocks can offer a compelling opportunity for investors seeking steady income streams and potential resilience amidst fluctuating economic conditions.	https://finance.yahoo.com/news/3-european-dividend-stocks-watch-053156336.html?.tsrc=rss
2026-02-13	Google	0.0	Citigroup Maintains Buy on TTE TotalEnergies SE Feb 2026, PT Raised to EUR 71 - Meyka		https://news.google.com/rss/articles/CBMiqAFBVV95cUxNaDkzSENrbFNsQmpDWWtydk4tUEVqSUVkdkJYVTFGWDV0alYtajVFSEJIU3pxSHpDYTdDTGNqcXJUYnFQaWVhdVJEOFZtOU9aRzdhbkdZRG9zYmpIVm02TlVBOFhHMXRxNlpWbkNvUXg2c0o2elRYX1Bfak9iR2xMMVdBNHlLWDlTeGQwSXdlRmd4TXpHQlo4R0ZocDNUX0dlMndWM0FqMnA?oc=5
2026-02-13	Google	0.0	J.P. Morgan Keeps Their Hold Rating on TotalEnergies SE (TTE) - The Globe and Mail		https://news.google.com/rss/articles/CBMi1wFBVV95cUxONmpSRWVrdHc5SE02QmdycmZQOGtVM0hCU05mRnQ1eVltQnZadTZWZjBiUkpEcm4wTXRidFl6ZVlQeFZZZGE3Q3NNNzFPY0o1TnZRSUxsVHVoMTNWZ01YdkZtcS0yZjBhZ1llY0Q1WXdNSHF4ODZsUmRYYVV1b1JBRmtkbUxvT2hQb1ZBNWdTOG1nZzR6MjVyWl8wSTNkeGhxa3o2b28wZHdYYkx4RG9DWDczakFxaGd6dVFZT0NUM2Z4bXh4X0syTnkzc3o0Wi1lNnZqQWxhbw?oc=5
2026-02-12	Google	0.0	RBC Capital Sticks to Their Buy Rating for TotalEnergies SE (TTE) - The Globe and Mail		https://news.google.com/rss/articles/CBMi3wFBVV95cUxNNkJaWGY3ZUQzVXRtaURoMXJTVjFmX0U5T0VwUXI0STFaRmFIUS04d1p1UFpfQTRvYXVLTnVSNDlWc1BrbkFVMXNxRUtBMWVKajRxWTlHbUhTMzZ4N0xYREFtM2xmT2NzTmN3YS1ZdDVLcHpULVFRYnpJc3YwMDdkcXFLRWlMaW85Q0tjY2VfMkZpSU9ucFJ4dThrTnZIREE0Q1JUQzk4VC1DaXNHNXFRaUNHWFNtaloxSUNGdGxmSkxJYURZZTYzVWd2SUNBemMtNUJXTDdCS3A0dFZOOWZR?oc=5
2026-02-12	Google	0.0	TTE Q4 Earnings Lag Estimates, Production Ramp-Up Boosts Revenues - Yahoo Finance		https://news.google.com/rss/articles/CBMigAFBVV95cUxQRmt6RTJWNUVDT2NobE5mcndpdTRRR2NQUk5xcmIzX2RhRmtGbVFrcWMwQW5hZUZGb3FQbVNxUWdkQW9aWG50VlZoSW9XREY0aUVXcDVncEdDZ2hwcE5XOGpwRmZnazhWbFZqWF9ncXVEbms5djEwZFQ4clRtcHlTTA?oc=5
2026-02-12	Google	0.0	TotalEnergies (ENXTPA:TTE) Margin Slip To 7.7% Tests Bullish Expansion Narrative - simplywall.st		https://news.google.com/rss/articles/CBMizgFBVV95cUxPd2VKMjh5QnFaNGo5RW45UVFjNTFwU2YwU2M0c0lQTkxmMWRocXhmVE5VUkNwclEycVNKMGc4czRVclVRaVgtZ05Tc0djYk1qYlhwUEE3SExCUVdwMFdUUjRRb3oyQkNiamFEdVF6MVVoVHkwSXhqbFZQaGhOY01xWXJRWHpiSEdaWEg1YUVoZjJiM0JLcHRzcnV1dGZ0N3Vub3V2YjJXWWFlVUxtOUZnejZWQ3ZwcUpHd2h0NjhaY2l2OVZNSEdOMVdLamh1UQ?oc=5
2026-02-12	Google	0.0	TotalEnergies (TTE) Secures Multi-Year Deal with Weatherford for Danish Operations - GuruFocus		https://news.google.com/rss/articles/CBMiugFBVV95cUxPYWFXRzhlNVhQNnZGR1RySDJDV1dGWENiODhPaDY5WTNHMk4yU24yS1pUemNtODVxMWU0TjRBMXlWYTBrOWJrbERZcEQxaTdBeEtub3VPT091dFZaTEVaZDhVaHh6cW9JbWVwZzJEN2xyMEZKemxMT3oyempCV1UwLVpFX1RWN29oSk03ME9LMFluM3JKSkxhRzlqb0FjWjkzUms3ZFRBN3ZwbmdzU2xQQ0ZrSkJvWWNkZkE?oc=5
2026-02-12	Yahoo	0.0	Weatherford Awarded Multi-Year Integrated Completions Contract in Denmark	HOUSTON, Feb. 12, 2026 (GLOBE NEWSWIRE) -- Weatherford International plc (NASDAQ: WFRD) (“Weatherford” or the “Company”) today announced it has been awarded a multi-year Integrated Completions contract by TotalEnergies in Denmark. The contract underscores TotalEnergies’ confidence in Weatherford’s technical expertise, execution capabilities, and commitment to delivering innovative, high-quality well solutions. Under the agreement, Weatherford will deliver leading completions products and service	https://finance.yahoo.com/news/weatherford-awarded-multi-integrated-completions-213000992.html?.tsrc=rss
2026-02-12	Yahoo	-0.3	Sector Update: Energy Stocks Lower in Late Afternoon Trading	Energy stocks declined late Thursday afternoon, with the NYSE Energy Sector Index falling 2% and the	https://finance.yahoo.com/news/sector-energy-stocks-lower-afternoon-210147475.html?.tsrc=rss
2026-02-11	Google	0.433	TotalEnergies (TTE) Reports Strong Q4 Earnings and Plans for Fut - GuruFocus		https://news.google.com/rss/articles/CBMixwFBVV95cUxOaXk0azYwUllNZjk5Vzh4OUpIT2s5OHcwa093dFFCYXJ5SEhjckJpOS1TbThUbmhmVkE4NThsYWZRb0l0U3A0VnpSYWxHZ2hidVlXaTJ1MHY4RFBScTVXbHdZWDJyNlRzd0haMWNLSnQ2b1dsbDh5bHB6d0tabGZnRi1uWS14QnpWQnZwZWdtX0RiNEFXV25TbWg0Q1pqVmN5a0taRXlTZkpuRUJXcWVtcVNkdWJONWx5VERoVzNteThKcm45alB3?oc=5
2026-02-11	Google	0.237	TTE: Strong 2025 results with growth, high returns, and resilient 2026 outlook amid disciplined strategy - TradingView		https://news.google.com/rss/articles/CBMilwJBVV95cUxPS1dNS1RFMlgycTlEX0JMZGlhczNTb0VjSDVpdW51VUMwS1k1ZnpmdlZEX2ZTODVYVFMwOU9fZlhweG5TTWRzTk9admpfWUh2VmZld2NzaWlvak84M3owRHIwOWlleGluMGtRRFB5M014MTUzN3RDWGtoNFJldjE2a1F0RUZwTGx1c0xGdV8zaUdnOVB4aUhNRkQ2UXZnMUFEQlJNVWJ3TVRJVWlsb3JjdHdsblRKdnVmeFRVcmZwQ1RzZjQyQ1NlYllrZkxtRmdzd1lnVTZjS2dRV2thUE1xT2FwX3VaMXdWd05LcUtQZWdTZWtXSHg2dWloRk5LcWZZRlFfVzJxZkQ3RlVJVWE1YkkwWmdLUGs?oc=5
2026-02-11	Google	0.0	TotalEnergies (TTE) Reduces Buybacks Amid Lower Oil Prices - GuruFocus		https://news.google.com/rss/articles/CBMiqwFBVV95cUxORTZTb09leE4xc00zRDFmTERmNG1iNTVTdzBaZFMtRHA3dWpOUlNVcUs0NlZBaE5MSUhPVDIwYzRDb1NaeW9qbHlZNFI0bFFWcVpISEhGNi1FT2dpVEpHTVdkUTVVa0VSQ0E1NzRrUlpkVU5FWUxiRE1xZ1B4Mk5nMGE5S1VxdXYwRXZNWVVFZTc3NzBoZHphV0NfREdWUTVXRlBMX2RZenUzTDg?oc=5
2026-02-11	Yahoo	0.0	TotalEnergies (TTE) Reports Q4 Earnings: What Key Metrics Have to Say	Although the revenue and EPS for TotalEnergies (TTE) give a sense of how its business performed in the quarter ended December 2025, it might be worth considering how some key metrics compare with Wall Street estimates and the year-ago numbers.	https://finance.yahoo.com/news/totalenergies-tte-reports-q4-earnings-143005848.html?.tsrc=rss
2026-02-11	Google	0.0	TotalEnergies (TTE) Reports Q4 Earnings: What Key Metrics Have to Say - Yahoo Finance		https://news.google.com/rss/articles/CBMiiwFBVV95cUxPTGF5MWJaeDRXVURsa0E3MGJlNHk0eGdXVHlyVlVYbkY0dS01WFBiNU16VmFndERiNG5yYXpZd2RJWFdxNmQ0OEdoeTBBT1NrTExMeHBKU1p1QzVKWnRyRmJfOFRMSGlWMFphOEJ1MHdjNTJRZHFyOHA5aElxVS0yaUVkeDA4NWowakJ3?oc=5
2026-02-11	Yahoo	0.0	TotalEnergies Q4 2025 net income declines by 26%	Adjusted EBITDA for the quarter was $10.1bn (€8.51bn), down around 4% from $10.5bn in 2024.	https://www.offshore-technology.com/news/totalenergies-q4-net-income-declines/?.tsrc=rss
2026-02-11	Yahoo	0.0	TotalEnergies can do without Russian gas: CEO	French fossil fuels giant TotalEnergies said Wednesday it will abide by a European ban on imports of Russian liquefied natutral gas (LNG) due to come into force next year and said it can easily replace the supplies.While EU nations cut their imports of Russian natural gas by pipeline, some of that was replaced by LNG imports.	https://finance.yahoo.com/news/totalenergies-without-russian-gas-ceo-184319381.html?.tsrc=rss
2026-02-11	Yahoo	0.0	Update: TotalEnergies Shares Rise After Q4 Adjusted Earnings, Revenue Beat Consensus	(Updates with recent stock movement in headline and first paragraph.) TotalEnergies (TTE) shares	https://finance.yahoo.com/news/totalenergies-shares-rise-q4-adjusted-191502823.html?.tsrc=rss
2026-02-11	Yahoo	-0.025	Sector Update: Energy Stocks Higher Late Afternoon	Energy stocks advanced late Wednesday afternoon, with the NYSE Energy Sector Index and the State Str	https://finance.yahoo.com/news/sector-energy-stocks-higher-afternoon-205550643.html?.tsrc=rss
2026-02-11	Yahoo	-0.375	TotalEnergies Cuts Buyback to Lower End of Range on Weak Oil	TotalEnergies is the third and last of Europe’s top oil and gas producers to release earnings after Shell Plc and BP Plc published disappointing quarterly reports.  The company has a lower ratio of debt to equity than its European peers and kept quarterly dividend unchanged.	https://finance.yahoo.com/news/totalenergies-cuts-buyback-lower-end-084630873.html?.tsrc=rss
2026-02-11	Google	-0.6	TotalEnergies rises after cutting stock buyback, boosting savings target (TTE:NYSE) - Seeking Alpha		https://news.google.com/rss/articles/CBMirgFBVV95cUxPOWFGZ3ZRaXI0MW1weGhGRkFFUE9ENWxjaXBQa19YRk1ZNkNYUlZOV084Z0U5aGNObDFpemdhVl8yVGRXMGdjQjhxQ3JXdm5RWTZhaWVmZlNtbVR1eEJONjBDVmRSengwdWowRjV3RlBrRUFoTXZid0ZSUE5wMlFXU0R1ZWtkMFFRY25fM0t6ZnJBVi1jZDE1dGRhZ0RualhrOEFobjlnUHZORjdtc3c?oc=5
2026-02-10	Google	0.0	Man arrested for assualting TTE - The Times of India		https://news.google.com/rss/articles/CBMipwFBVV95cUxPNTNSdS1vR0M1alhkelZKMWpIdDZ0ZlFycGh0dlJrb3h2QWdQQV9XeVc1anNJbEhubzRyUVZpRHlFd3VKa1RwV1NqWU83TjY2LVFEa3VCWjNhZXpNY3FpWEdGUnBONjhRbm5Yc3VtV3VqTkFkYUc2blVVRVNPNF9oNnczMmVQbnFaVnRsMG5MblU0N2c4cUM3dnpsdWtXYlJOS3JDR1Q4a9IBrAFBVV95cUxNV3JnVlNOZFpjWlNwR1hRc2xTOGNMc3FjU1hHVjhHY3hNSUdkWmxvQnFsUUZ6WVVWdTM1V0t4Q1VCcVQ1ZGJubThKWG1GQ0FsTzdsVzdxNk9xdW9tNlVZbWprMXYxTTA1aFk0aUZ6WlQtV29FZzc4RUFDZll4ZG1Nb0dJRG5DQ1NLSVg0QnI1QWhybDZXWFdvbzhSX1JabC0tNXU2Wm9rRjNCTDJq?oc=5
2026-02-10	Google	0.0	Q4 earnings 11 Feb 2026: TotalEnergies SE (TTE.PA EURONEXT) pre-market, buybacks - Meyka		https://news.google.com/rss/articles/CBMipwFBVV95cUxQN250aTVLUFpQNDZKNGpNeFdxRDBwM3VPeG4weC0yempUMFBhb04yNU5oTmRVa3E0bGpIR0hOd1JYb3NUNGlla2J0bjEtZTNwcFN4aFVnVTNkX1ZNQWh2QkwtdFBtVUVtM3kyOW1SeDVLTnFvaTV3eUowWC1UUkpEVnk2UFJJcnoxeGFxQm1MUVRodGpVYXZFT2ZaSTI4WUpXX2JnOW51NA?oc=5
2026-02-10	Google	0.0	What to Expect from TotalEnergies's Earnings - Benzinga		https://news.google.com/rss/articles/CBMiowFBVV95cUxPbHB3Rm5IZmdZRE4xaUg0UkJQMXJQdXlacVE1WTdoa3RFQmlOWk5ZUkVtaWhiYUxNRUpISFd2WmJtWTlGYWhBenJJSHI2MlMwNFAxWU5FSjZPekx2NkxlSE8zenEzaGNmRGk4aUN5S1FyWFdEYnFSODB4X2UwRnN2T0NqbkJOV0RBS0RLdlJuekxRdmlVOWU3dC1YQ3gtdXI0YlJB?oc=5
2026-02-09	Google	0.25	4 stocks to watch on Monday: LLY, NVO, APO, TTE (SP500:) - Seeking Alpha		https://news.google.com/rss/articles/CBMiiAFBVV95cUxNamdqUlZkVFVyUHlVWlJxUkJZVDZfM0dfeU1ray1VaFVwbnVqXzIyR3FxZHJYdi1fNzlzWTl2aDJCNDJxVlBpb0R6RlhjOTFUNVpFV0lXVjNkN3JUaUhwckVqWFVOOWZjelBkMmpjSmYzbnhnLXRReVpGUG9McjdpR2hsRG5ZdHFm?oc=5
2026-02-09	Google	0.091	Texas data centers to run on new 1 GW solar deal between Google, TotalEnergies - Stock Titan		https://news.google.com/rss/articles/CBMiuwFBVV95cUxNandJX2lNa2hWWW9XU0hQNXg5V2trUWJ3NmItdzRhQ0VhVW1maFFXZ0ZTd25SX1NjbGE5ejZWT3BqYldXdXoxdkRXcG82MUtOYzF4enhzOXZ5Y0ZuTHVfdXotTDhQTk9vemFla2FfZXlVYXV2NHpsbnM5ZmdpTXpST3ZlT2pxSXAzUW9DaGUwVWlYNnAtMHU4Wnh5TVp2RDlYMHNNamxGZDhqaGdZLWIzdmJKTGFVWlhPUW9r?oc=5
2026-02-09	Google	0.042	TotalEnergies (TTE) Seals Major Solar Power Agreements with Goog - GuruFocus		https://news.google.com/rss/articles/CBMipgFBVV95cUxQenk4Q0I3Q0lObWhGWml2T0dqT05wVHFkREFzcHpTVnFvZnk2RTBSbEwtTEdoVE5Pc0VwdUJjVFl5VmRLaXlURlZwaEJCYlRFQmdIcDFWSEZEUm5IR3B6TDNudFphQ0haSk1teGd2TGxKQlN4WDBkenNHWk50bVpodVVPRy1YSTdSazF2S003Vzh5UlFvWUtKZEVydTVVaVVOSlVUYm9n?oc=5
2026-02-09	Google	0.0	TotalEnergies (TTE) Inks Solar Power Deal with Google for Texas Data Centers - GuruFocus		https://news.google.com/rss/articles/CBMiwwFBVV95cUxNamhWa2xVTXlDWVBlcWNOV3J2Sm5sN1FXSFhJOHNueEYtM0pXcmhNQzl2YVZCZ2UySm1UZnJROFU0MnNsTGEtWng1TngxZjV3OF9WZ19LX0lLQm9rMUNRZDZHMG9vam5RM2lMWlEtdFd5aENFTnJkclJLSUZjYi05TkNDZjNvVUFQSGxYNDhNcVo4eTMwRUNOX0ZvTGt6alA2TmE0N1c0Rjc4cC1taWpnX3hNY1l0TFpxUlg3NlJ5ci00dDQ?oc=5
2026-02-09	Google	0.0	TotalEnergies (TTE) Secures Solar Power Deals with Google - GuruFocus		https://news.google.com/rss/articles/CBMiqgFBVV95cUxNZ1o3ajZHd3llXzVCSXh0Wl9qNjllamhTR1dQMllDcDhuR3JlbTBsQUd4Z1ZOTE51NHcxZmx5b2pNWmdNeEd3a3pnckVGZVlqVWVneUxobGkzcl9FMC1iTHRkTzhUbUxoN3c2ZEIwbXFXaUZscmlVeWtkRHBDY1pCdzFXWU41QW4yenAtTFpfUXh2UVgweHBURTFPSmdqSl9vZXlFWlF0QlBCdw?oc=5
2026-02-09	Google	0.0	TotalEnergies SE (TTE) Stock: Signs Landmark 1 GW Solar Deal With Google In Texas - CoinCentral		https://news.google.com/rss/articles/CBMipgFBVV95cUxQcGZHX3pOdUl0dV83aHVuUzI4bk04SzVIeEk4anpOY1EzY0N1NTU0S3liWWRUQUxvUXBzOHo4RmxRVVd5UFlzdW40X2kwVUlpdFp4U2puSTdIVW03UEVQbVd6cTVhRnQwb0NOUllydmpBZXdXZ1JENzNxY3laQ3U0V0VzREF5bjVpZm9VVkJsVEF2X2MyR1NOcDFJLXJnUnZzdmxZQW1R?oc=5
2026-02-09	Google	0.0	What's Going On With TotalEnergies Stock Monday? - TotalEnergies (NYSE:TTE) - Benzinga		https://news.google.com/rss/articles/CBMi0AFBVV95cUxPZTlxblBYTnpqVVZGTmpLd1YtRDBOR1RheUdweXNRUXgwT092R2o4Y1I5eHVaaWZ4QlZqQW9TY1FpLW9KdlJ0SlRxcUwzeGFaa3hCWTZaOUpnT3IzaFJtdmJNdGIya21IcFZBMk9zOWpmQmdtcTBnMlNaenRObzBJellVWG1wd0k1Q3JPWDRsZm1wUWZkVnNSVHBfX1ZJRzByZUZza0I0Sk1fRERUdE95cVNEWV9zMTBGOFBzVUZEWlhJYTI4dDZHRW5kS1BmQ3JX?oc=5
2026-02-08	Google	0.289	Assessing TotalEnergies (ENXTPA:TTE) Valuation After Strong Multi‑Period Share Price Momentum - Yahoo Finance		https://news.google.com/rss/articles/CBMilAFBVV95cUxQZUQ2QURsTmt3LWxBYVBsd0dYZkJkYXRnY1RCRlRaZXNOTV9fT281SzNUa3FLWENaLWtNMjRxdEs4TUtoVDlvNGE0TG12RzVvQjNqYUx5ZmRBMkg2MUtPdE9zQk1ySjRxWk8xLUJPY19tUERWdmZIXzJHd2twVDVUcUI3dlBNWF9mYWZDVl81SkJkdkxj?oc=5
2026-02-08	Google	0.0	Namibia Government Rejects TTE and PBR Offshore License Transactions - intellectia.ai		https://news.google.com/rss/articles/CBMipAFBVV95cUxOeFNmR2lYUnhveXNuOTVrZ0wycW1QVVQ1ZTc0eTI2emxPeHZkWkd0YVB4N1YzQ2ZTZHZoQld1VDRhTjV6cF9NN0taQjBWamdndFdBSE9Ic1djdzZYZVY4NlY1eDdXSjQ3UUVXanByQkxOWHFTMkRkZ2JnQTF3di1taWlzYkVZa1JubUIyVnNEMTRJWVVVdzgwZ2o0YmNtaDBNdVVYdg?oc=5
2026-02-08	Google	0.0	Namibia withholds approval of TotalEnergies, Petrobras deal pending formal review (TTE:NYSE) - Seeking Alpha		https://news.google.com/rss/articles/CBMiuAFBVV95cUxQNFluT0dsUk51cHRoR0J2OUhGWEF1QzViNlUxZnd5eGNhWGFmVkV1NUtUMHpheWdfMGdRYnJhRmdIMjRzZVJuY25ySTlrbWdkTkJoMHlZeFBMdkZSSXI4cTVYWUpJYm9RNTZWQ2FaREdYdnlXOEs4UUJCU2daeTFEN0lDT3VyRDhLN2JtMHFFRWhxcjZYc1djZnRSeFV4M1BsQkZFci1Cc0YzcW5BdEY3VXJpUjZxaEhw?oc=5
2026-02-08	Google	0.0	TotalEnergies (TTE) and Petrobras Face Regulatory Hurdle in Nami - GuruFocus		https://news.google.com/rss/articles/CBMitwFBVV95cUxOWU5NRGpHNFJlcF83TlRnUWZrZENRNmxqQkpyZHYzcHozVmtyTVJORTcwYXp0S2drR2YxQUJRWm9Ld2JXYkdaOVYyN3g0LUFlRVNRcG43Mk1xZU5WQ0l6dXNvVFdZVVR1OVJJWkhwTjNrbHc1MVBvRnIxd2p4bUVrdngtdnlhTlU0V1BoUWtNLURob085dmRJVmk3TFpnUDR0SWhzRXIzZ1huRkNxUEt0WC1yWW5rS0E?oc=5
2026-02-07	Google	0.067	Is It Too Late To Consider TotalEnergies (ENXTPA:TTE) After Strong Multi‑Year Returns? - simplywall.st		https://news.google.com/rss/articles/CBMizgFBVV95cUxOZ3ptWlRtaEo2TkdyMDYwQi0zRG1abEFDTnQ0S3VrenVQUEVFcENpc05qb0d6ODNpTllUVTJUbEtRN0tEcldYZHVUaDdkLVQ4NV9MT3R3R01pVWdEd0V4cDRzS3pLek45TTd6ZUZFLU1tbzN1VWJrNkFGekhFaFNxczRPU1JqaEwzM05EWmozNjJjTDJCaHRfWFVjclh6cUdHTkJTMHJCRm56dWJRRTUtdHA0Zml6TVpFWVBBMkE1SnhMWF92STdNY2hUWU00Zw?oc=5
2026-02-06	Google	0.0	Earnings preview 06 Feb 2026: TTE.PA TotalEnergies SE EURONEXT, EPS focus - Meyka		https://news.google.com/rss/articles/CBMioAFBVV95cUxQZUdQWFNoVDc2WGJGclU4X2VUYTZPQkRvdklibXU2U0UzVzN6cGlobmhTa0xjNE45Z1ZycVpoRVBZdVNGdE9wUUl4OU5EbUdRNkVJT0dUaWpqRXliWFBiMk9vYlUwTHVWZHAzRXREYUhWWnJTYk1WRHBnOGoybkhBX1k3NU1aajV5WVZKMkJTZm9XT0FZUzNnUDI3THMwVXo5?oc=5
2026-02-06	Google	0.0	Gear Up for TotalEnergies (TTE) Q4 Earnings: Wall Street Estimates for Key Metrics - Yahoo Finance		https://news.google.com/rss/articles/CBMihwFBVV95cUxNQzAtYm04WDg0bDBQbGdZd3lwcERBTk14WHFBV2R0T0FqX0cydXVJQlR2QmVmRTFaVkRwem9QNGxVUjBKMEtVVUtjd1ZfSDdCbFpJMzZVeThHUTJLeTM2LVV3TU9qaXNad2EwaDBLUWZKc2trOFhlNEdxbno3NUlESmN4c3FmZEE?oc=5
2026-02-06	Google	0.0	Offshore Namibia push: TotalEnergies to operate 11,000 km² PEL104 - Stock Titan		https://news.google.com/rss/articles/CBMivwFBVV95cUxOd0U0a2xlV1B1aXdocW85aHU3SlpwMmVsUnpXaDJRenIxUnpZUzZSa3EtZ3JocXBvaVM2S3Z2WXhYMDNuZzVFdldwbFRySHFuY3J1R2RmRVh3elJLaXNheVNMemM4eEZweW56OXV6OTRwZ1Ata2ZhOXJjTFdEdC11R3F2OE91eUItSjA4NWVwTkY5SmtGVTFhbmttNDlmMnQ0Z3ZEZGRGb1ZLRTBfX19ZdEw2Qjh2Q2pTc0NUNzI1UQ?oc=5
2026-02-06	Google	0.0	TotalEnergies (TTE) Expands Stake in Namibian Oil License - GuruFocus		https://news.google.com/rss/articles/CBMimgFBVV95cUxNeDQxUkN4ZHhzZHdhV0RIdHV3Q2FlSjA2d1JtNzVZaXc1cEF6Z3VOYWE0dGZYT2hraTUtTUV2THVfUU5iYnFDZ09DclVvRGhrZDM4MkljUF9FWGNqeEFKYzk1UHFjeVZzazJweW9rNUgxWGVvVldSV0lMdUNBSkFWYWIzNXd1aDllZjRTWHlwaHdNbDRZOWF4WDdB?oc=5
2026-02-05	Google	0.0	TotalEnergies SE (TTE) Gets a Buy from UBS - The Globe and Mail		https://news.google.com/rss/articles/CBMivwFBVV95cUxPcTNwdUJsa2FqMG9vUjBveDM2cERuQVVpc3ZpN2VtQm5mR2h6SVBoUV9YRmIteFFQamlnQnBweFR2Mk9fTEhBeWNYZm5sMkt1TGZES2NseWdTaVVmc3E1SEx0c2lEei1ycm0waF8wbTBOZzBZdEw3bXV5YkpQaEZ5Wk02ZXRDSkdHZWJTYWNnZ1BsS1Z2SW9CWWZHb1dQQnVUMzRTZThiWlN4ZFlLVHVOdFFRT3VGejkyek16OHJXTQ?oc=5
2026-02-05	Google	0.0	TotalEnergies signs power contracts with Airbus for German, British sites (TTE:NYSE) - Seeking Alpha		https://news.google.com/rss/articles/CBMirwFBVV95cUxQXy1RTm1teU11Q2JMLWI5SnlkRDdQN3hWZGYwcjNHQVNNUWlVcU54VzEwWG5oVVd3bV9BMy1sREZRQjg3V3Jyd1ZIcUZQYWlrNjNaWmhtSk9nS01KVk9qT0w0U2ZYYjdOVVUyOGdQN1RVWmFXem1yS2pBSEx3NjZ5X0xfdkpmTV9ZWldfT1FxbW93Z1hpWXV6Q2NYbkpGY29OSzBEZFEtZzRwN0xLMlN3?oc=5
2026-02-05	Google	0.0	TotalEnergies to power Airbus factories in Germany and the UK with renewables - Stock Titan		https://news.google.com/rss/articles/CBMivAFBVV95cUxNQ2tKbDVrTkpFR2J4a3dySmxRSGtUeEVfTGlIbEhoTlR2WjEySGlhMGh0akktU3lVVkVWd2ZIaEFFR0g1YkVTUnU3b0FBaE1QLS1uMW9TOHF1UXpWcEd3Sk4zZ2NQdFFDZzBNUndyLXpLeElya19XMjlyZVI3eW4xYmdHaC0yT0owS094ZU5yRXI1UHZ1cXFWNWE1TW5HNnlILVpkNEptUzZzSzgzNzRDUDlxRDJNVHZqRnl0Vg?oc=5
2026-02-04	Google	0.333	How TotalEnergies and Tikehau plan more city EV chargers in Benelux - Stock Titan		https://news.google.com/rss/articles/CBMivgFBVV95cUxNdng0S2daaWxGa1E2UExZa1gzbEFaR3RHV1AtOEMtX2dkNWVOd29UNkNxN1EyUC1VZm13TDM1Mkd1WGtqcXotdjhHbkYtYWwxNFpPUVVpRk41Z2hqVTU0YTNXUEJVekhYVF9CVldRbU5zMHpMNGNKRDJ2cXVWeTBaZnBTYjFEd0VFSVU0NWpWek56WmludXNIQ195TDR2b1g1dTEzdDBMNVNsamZzVVljT2ZhVy1fV1RYalFmTlhR?oc=5
2026-02-04	Google	0.119	TotalEnergies (LON:TTE) Sets New 52-Week High - Here's What Happened - MarketBeat		https://news.google.com/rss/articles/CBMitwFBVV95cUxQbkJZSUZsOXdJYTNacHZVX18zT3pvdUdodjhLQlJ0Q1MxLWwxMjhLdzFvTXhjWVdHd2lFMFZ2eU4xdTdzcHlWU0ZNTGY1XzRlb0k3S3YzSTJTNzZ5Y3dnZnNSc1BYdGxJYkxNd0VzcDNPcl8xRnd2UzNYMGtGODQyMGFIOW43bFg2NUdrTkp1V0MyLTJZQmRZQ1RsY2Vpay1BeUR5bWROUXBiZmVmY2dHNlpKQVBXazg?oc=5
2026-02-03	Google	0.091	Kuwait taps TotalEnergies for new oil exploration studies under MoU - Stock Titan		https://news.google.com/rss/articles/CBMiswFBVV95cUxOeWNSYmdaMm9VczNoV2hLNkV5NzNyN3JhYXMzSzJoSWpFSEdSR2MyNVBQa2c4bVhTTmlpRm44VkppRHUxZGFFazZlWHlXbEZIdUloRXJ4ZUNQODIzSlotaFdLN0RqaXhhN2NxZzJHZERDUTNCRkhHUnRIcUNFc2RnQ0JPNF9ZdTREZFVUNFUxQ0VObkhxMllDRmRhS29fT2hwS3M0SllydkpfV1JqSnFsXzJhOA?oc=5
2026-02-03	Google	0.0	TotalEnergies (TTE) and Kuwait Oil Company Forge Stronger Ties w - GuruFocus		https://news.google.com/rss/articles/CBMiugFBVV95cUxPTU9ORlY2Q0NRRWpfeGtBNnlMOUx0bFhMMTUyc1JvMjV1Qkl1a0dSVGhuSDlyN09NYzJBYVFKSVo0VHFqVjZ5bkQ5bF9vckxtV3RfWXZxMW05cmNlaDlFOGpwVUdaMHpjbDFIYTduVHJkWHFidEl0akF1ZWdDSWRhTW55anJxWjllcEpoRWtRb2drZFBCTnA3R3hteERfdGJaVi0yUGNOMlJVM21fSE1uSlhyTVVtTllhaFE?oc=5
2026-02-03	Google	0.0	Why Is TotalEnergies Stock Gaining Tuesday? - TotalEnergies (NYSE:TTE) - Benzinga		https://news.google.com/rss/articles/CBMiygFBVV95cUxPM1U1aXFNQlVQZkVBWGRDWlpBbVJnUmg0R1R3Y1Z3cURNRVpVNmZXcmxGekQ0YkdJQTdSVWpuMVpxWFlOR2s0NlBxaG5scXdWQVpUVGlLLTBZM1N5VlpRZGFpTzAwZXMzTll1ZkJJakdjSlFGbXJBdVhRb3ltSWNqOW5tV2U5cUFzaEl5UzNpeU0zQVNBbVV0NDRXdXBMdFBDc1g4d2dhMVNManV3SFZfY3Y3NkxSSEctS3ZpR2VtN250bG94bFhjbXhn?oc=5
2026-02-02	Google	0.0	TotalEnergies SE (TTE): A Bull Case Theory - Yahoo Finance		https://news.google.com/rss/articles/CBMiggFBVV95cUxQYXdBYkdQZ0tPclNDbXF3bG9vNk9kcnNCc3ZkLXVTd0s5b0tocXNrUHZxWklFaGhnaXYtVGxNU01oX0RFQzBXbkY2LXNNZ1JYQUFGZElNaG94NjUxOG5mbVh5eW9qcFdDcTZZSzAxMkJNZElNV3UwVnBGNTZ5Wl9vc0V3?oc=5
2026-01-30	Google	0.0	Inside the oil partnership aiming to turn Namibia into an energy hub - Stock Titan		https://news.google.com/rss/articles/CBMiuAFBVV95cUxPWDdVcWNJMDF4bDhJeGhPdzdkNXlIaF9WSTNKWGlleG9FZk1HM19HOXYtaWN3NU9wM25TNFdMcFJpVGRfczZ6Yk5vWTVRNkY4ZXZ3XzZyeWFmX21FS3NRaFd4elh1bmg4S2ZKWkF3YWtoVkpqZ3VhYTdnMk9vZ2ZZb1NXTlJIbEx1R2ZXaW1BQVgwOU0wSWJkS2l1aXZDOWhLNW5TVTluY1RzWHV0c1FYT0lYdEJYZGw4?oc=5
2026-01-30	Google	0.0	Is TotalEnergies (ENXTPA:TTE) Quietly Recasting Its Power Business With This SWM Clean-Energy Deal? - simplywall.st		https://news.google.com/rss/articles/CBMizgFBVV95cUxNTEk3dWJvRmJmR2REeHpZVGJOSE5UOXEzN2tPVERsLW10cmU1X3J6TlJLNnA4clFOMTB1ZG1pcTJUaFlqQlZzdlctMm1MRGlrT2F1eHNPSlpHU1psWnVvX05UUUtVVnJxTXlZdmlkMnRHdl83dGN5dmRVd2hnUG5mYjNPS2lzVEsxSWlCVDdPRVdNNjM0TURValgzcXJNZjY4MGplajYyZmRlRTdhckhDTGRTNVFWWUJpR1lBWm9vU3dkcWRNOHBrRWwzU1E4UQ?oc=5
2026-01-30	Google	0.0	Is TotalEnergies SE Gaining or Losing Market Support? - Benzinga		https://news.google.com/rss/articles/CBMitgFBVV95cUxPV2hkdWVUZndNdmM3RlY5bUNOamIxNGR4N2l0c0ZFMG90NTNRSEpCeDlZVGRJODNNd05SYkZMMTIzdzhaRUhBSFJnNlNSVDJFOTV0X21RSzNzOG52OE85Vm5jbFV0TUhHWktkNXhBTTN1WHliSmlydE94SHBvVml5OW5TY3lHazhRUTZ3UnFrc3p3MzJGUEtWdjg1LXJsaTFPdTdfNU10UHdKSl94Vng1T2VfTldodw?oc=5
2026-01-29	Google	0.148	TotalEnergies (LON:TTE) Hits New 1-Year High - Here's Why - MarketBeat		https://news.google.com/rss/articles/CBMiqAFBVV95cUxPSzFnNHdQQ3RQdVBFVVg2WC05MU9nbWNmT1JfTE55RGp6TGJjd0xSdmpjUERmUFdhSVdZSjlGS01iTE11QTV2M282d3dmWnNTSV94ajVoYTlRb1Vrd1FERXpwbm5SeXgtR1NGbjhxbFlXYzZWQ2xuZUdkcmt6UXE3RTM0M0hoVC1PY2NoWDh6RkoxRTgtd1NqNDl0VG1qNndqeXEwZzVaRnE?oc=5
2026-01-29	Google	0.091	Fund Update: New $5.4B $TTE stock position opened by VANGUARD GROUP INC - Quiver Quantitative		https://news.google.com/rss/articles/CBMirwFBVV95cUxOZDZhNXdxS1hzNGF6d2Jhc0RQLTYzeTZlRzhXS3kxYWE4RVFoeDFXZ2lQVU1GT2JCUGRiN2M3ZllISUJxSzBNejFfTUpDQ3FZdm9oVHgwUVhOTWRUX3FEZzh6aE41Q2VMbXNWLXJoSWRvRWNhS0ZLbnBpb1NMZnh5cVBjMDRnaXdma3NQMnNsampxMGtwb1EwMFp2NXNZY09YWElsYVF3TWExejJjVnZF?oc=5
2026-01-29	Google	0.0	Mozambique LNG restart brings $4B in local contracts, thousands of jobs - Stock Titan		https://news.google.com/rss/articles/CBMiuAFBVV95cUxOUkpwOXJ1TG44eDNuaHdrYXhmVUtxWGs2SG13SlhndFU1ZjF3QlNVRllOS3l0bHYxaW9MOUhNazF2dVQzdVE1cHowV09TTGZidDNFYlRpWXJaaEJablB6X1N2MVgwVkJHSlh1VVQxUmN1Z0l1d2xfbFNmUm90b3N2ekltR1IwR01pTlVPbnoxWDV0VDBHS3V3NXZCT3RqTl9XaVEzWlF2ZWxCYzMtU3RBTXpSV0lIRTVE?oc=5
2026-01-29	Google	0.0	TotalEnergies (TTE) Resumes Mozambique LNG Project Activities - GuruFocus		https://news.google.com/rss/articles/CBMinwFBVV95cUxPY2dfSmdKRENZVGZVMmNySHRQYU5YaFJidmFQbDhIeDAzellNeUduWXRHZzI1R2hsVnQzMmgzN0ZGdHlIa0loTlBCb1pORHdBZ19JOXFGR2pMOE9fdmlscV9ielRTMFcwTGRPVTZXOWFSdndWdG5HNHZ0TmEyckZWN3k0bDB5bXhnNUQ2ZXljVmktMENudll1NEhrRnRlZlU?oc=5
2026-01-28	Google	0.147	TotalEnergies to power French paper mills with 10 years of clean electricity - Stock Titan		https://news.google.com/rss/articles/CBMivwFBVV95cUxPU2NQRVlSTVpvcnVWQzM0WW1kcE80bFlDUVp4NGZfNURfTC0zZ0F1c3JISDZraTd0TEt3MlFpZWV6bUx4dS1iWkc2U05tdWwyeDVHc1BydUNmRFpGOWdvcEtObi1QYjA0WklkZ3dENmdUb2oxXzk0UTdoSWg1Nkc5dUptNFhEblNUT2tsZVNzazZidWZKTzhITnlpZnJWcUV6SzNJMzAxa0ZJcjd6TFN6Qmd0aC00aEFxdkNkOTNMRQ?oc=5
2026-01-27	Google	0.0	Fund Update: 1,608,124 TOTALENERGIES SE (TTE) shares added to Zurcher Kantonalbank (Zurich Cantonalbank) portfolio - Quiver Quantitative		https://news.google.com/rss/articles/CBMi8wFBVV95cUxOWjVibXZXV2x5dWlCVXFmWGoweXlXbkdVMlFlcDE2U3Q0Ry1qVmR2VGo3b3dpMDJFRUNxWUpjbGMyZTNEQ1JCMHZwWFBjWklKRWFSUTh2V2JpdE9YQ1NTSWhQV283UXpNYkdpNURuNk83cmNVU0F4U1lqOWdJaFVMbXRvaDJkcmFGWU91TTVCTlVaQzItbDhxempQVy1XWURhc2FZWW1KanJDUFpDT2s5LWtiM2tRM09mdE1pZF9XYjZPM01PQVFWNUFCeHRhaVNyNjNrN3RsNmFuSDMzNEs3VDh4S3FFWUhnaWZBSm8yZlJta2s?oc=5
2026-01-26	Google	0.0	Libya oil pact lets TotalEnergies tap Waha field through 2050 - Stock Titan		https://news.google.com/rss/articles/CBMiugFBVV95cUxPZWVlMkp6Y0VsZXBaNGpHT0dpT2RmTUxRV01lazUzWXYtYkZuUmJwdUdWNkVlRE4yeFpwMERUUkdEUzhldVBOMHlTcFVMcVB4MEsyZUN2RXpNS0pFTUR3S1U3Uk1zdmctRi1HOVk1ZVpSbWhYaF9uSVBPSWg2TzExZkZCNTY4SVJkdHBGZlZsTmlKNnJWWE5FVTA2RWdDdDlPeE0tWElKUjdTbm9HcTZsS2U4aVR1TUNjR1E?oc=5
2026-01-24	Google	0.4	Is TotalEnergies (ENXTPA:TTE) Still Attractive After Recent Share Price Gains? - Yahoo Finance		https://news.google.com/rss/articles/CBMikAFBVV95cUxNNW50clowaFpzbVNaZjZaRFE1emJFR3BGbHlrZXl4ZFozS0tnSFY0YUJySk1NOXJFTHJ4UlR2aUZSU09xdUs3ODJOMTZyYVNKeU4xZ0NlQ3NDZ3RoS05WN09SSnlSWkhfemlJWmlIU0NRdWUzS1RCQ2hEemJKVlVTSGxfX1plN3NlOUo1Wi1DN00?oc=5
2026-01-24	Google	0.136	Assessing TotalEnergies (ENXTPA:TTE) Valuation After Q4 Beat And New Bahrain Trading Venture - Yahoo Finance		https://news.google.com/rss/articles/CBMilAFBVV95cUxQQU9UNDJIU3hiVnZranRmT0hZVnJGTDMwT09kSG1ncDZlUEoyeUVMUng5M1daV0V2RExBZUo1eF8weUZjOWxGQW9FRnZTN1FhM1pmUlpsLUdrcEpnTEl2OUV6MFRqRFFtUHZ2OUsyWlVYRWxDS24xc0RrbUxQX0NreFUwbDFtM2lFaS1ZSlgyWW9IaFpZ?oc=5
2026-01-24	Google	0.0	How Investors Are Reacting To TotalEnergies (ENXTPA:TTE) Expanding Frontier Exploration And Middle East Trading Reach - Yahoo Finance		https://news.google.com/rss/articles/CBMikwFBVV95cUxPbmF1ejBrRzJ2enJjVVM2R1ZRVm1Kd0RISjBpczc0RkswQURyUkY4SDZGNUNTdmUzV0ZVU3plVjJCcHVWUUc4bGdWM0E1OUdSenV4RW85Sm1YWGVMQjBFenJDYmRaWGtkdzgxZFBLUXJvNXJXb0hfeElZLWY5S0pudzBzVGwxLVFSamp5UlVoOTd2U2c?oc=5
2026-01-23	Google	-0.317	CMR Outperforms Echocardiography in Heart Failure Phenotyping - Medscape		https://news.google.com/rss/articles/CBMirAFBVV95cUxQTUZTOFYyeFg2X0l3QklZSWRJSVNJUGVXVUhRSjV2N05xQllmTFBTY3lSUEtNOFVELTRlRndXc0Nic2U2TXk3LXpFQkdGTUJxT3ozVlBDeDlIb3k5NVNWYVVpMFJTeXF0dndrUERnUEJaeDFyU21uWnEtZ2ZYcl9DU0FzdHhSSFZBTmpvMWxJRWhiUXctV0VET2Q5U0hzMmFDWmFCUldtMkVWTWZu?oc=5
2026-01-22	Google	0.0	Analyst Maintains Hold Rating for TotalEnergies (TTE) with Raised Price Target | TTE Stock News - GuruFocus		https://news.google.com/rss/articles/CBMi2gFBVV95cUxNZkdHT3I0VXV2OURvaXRua2RiaHRxQzlmdzE0VXRERzh5US1yRWFVWXVMd0lyYzdnbmRxNzk2blg0SVpDTlRsOUZzQWpYZXhqWXJsTXRLa2JTRFNOYkNiSUFRbGNNSXNpVFg1Z3ZrTVd3UWs2VDU2UzVkeEJXdm9icnRXQTA0blU1b2pQWDZQYmRiVFR1SU5ZWGhodEE5Ri1nd1RMUEJjYldvZ3dIRmdjclh3akc4SU5LT3pYRDhQZ19ucGtRcFlFOTFWYm10MS1YUF9FSmF3WElDQQ?oc=5
2026-01-21	Google	0.0	RBC Capital Remains a Buy on TotalEnergies SE (TTE) - The Globe and Mail		https://news.google.com/rss/articles/CBMizwFBVV95cUxQVllUTWEtSUVCVEdYQzRDOU01RE9SdzR5WDVud0ZTUVB3ejVTOC1DeWVSbldmT1pXUHJFZG1fcGFtYjVNWGtYYlNUWGU1Z1h6NXZmMGplSGg5WUtlOUZDUG9kdVVnMTB5WHdlX0w0RjVfRGs1UWdNR1lZTlJpNi1lRU5WVDVmX1l0RG9MNFJ3MXMySU5CMlpmTGZzY3A3SmpaMmZyNkFydGk4X1lqSno1VDlVWGpwbHpERXNXc05tSnlqWTNKSzlHQ1VBZXBkUXc?oc=5
2026-01-20	Google	0.0	TotalEnergies sees Q4 production increase offsetting hit of weaker prices (TTE:NYSE) - Seeking Alpha		https://news.google.com/rss/articles/CBMisAFBVV95cUxPdUNtd1JBQVBqeExNV3hiRHNudjNRak1nUW5LcW15ekd0czI1YW8tckkzeDNlQS10SmEzUXhfcEFadmFhM2EyZUVPb3lkeF9LMnRNZDdGRmNVaEJIZEdFTHktMHJKalFaQWxjcG9BNnZPaXFwVTRMWE45N2VHaDNJNnJjTXZOZmN5blZzM0pwc281T1hUOFVVajF5Wk9XLWZDd196UjFDYmtmb2tWQW83YQ?oc=5
2026-01-16	Google	0.0	Fund Update: 803,007 TOTALENERGIES SE (TTE) shares added to BANQUE PICTET & CIE SA portfolio - Quiver Quantitative		https://news.google.com/rss/articles/CBMi0AFBVV95cUxPN2VWSnJzVllWY2pFWFBGQ24yN09FOGx2N1hIbjBENWxLODNQMEJHN0pxaTRGY2ZFMXVDUTRrWThrWnktbDRuN29PdmJZVlhKM2JqczcxdGM5ZmN1bjgxMEVCWXpmTEVnOUtGNW9wRHAwMXFEMTVIRUVEWmphR0pySFA2RElNcnJiaVpJRTRNZ1Q2LUQ1U2poc0F5RWZaUzBOR25VYW4xd3h4dGRKM3lySmtnY3gtblFoVVY4OGF1TFBFeGNkaFFEdXZZdzdlbXVa?oc=5
2026-01-15	Google	0.136	8,924 km² offshore Liberia set for new deepwater oil study by TotalEnergies - Stock Titan		https://news.google.com/rss/articles/CBMivwFBVV95cUxOZUI0WFZWTWViUUVRRlhTRklSam1mZ21sdGI3aGVEbG5yN0MwenZmdGxnNVNLMjFHSW94X1JqdUlJY1ZQYWhlNE94dmQyUE55Y203LW9faWF5aWhjc3E2WnRnZThWQjZVV1F5YnRpbUxDdTNyWUV2ejlhQURCay1fLWVTbE9keG9wNDg4OWs4QjJCeG8wbHphUDNjdzRuenRVQW5jTnJCYngxbXVCd19zalM0SVFSbXVhSUtqYS12VQ?oc=5
2026-01-15	Google	0.0	TOTALENERGIES PARTNERS WITH BLUENERGIES IN ITS HARPER BASIN FAN PLAY, OFFSHORE LIBERIA - PR Newswire		https://news.google.com/rss/articles/CBMi2AFBVV95cUxNdTdjSDNTNm1RSFpNRzZDR19Ga250U195emg4QWJtLUFWcm55TUd4R3NvS2Z0dmpmUkJ3QkRna3ctX1BLSFBQRWFhME5ieDhDWTVmTllUYmlST21pWjhsMnJIczZPN19oZTJIUHZsd05XYWhUZzZWNDFFdFpkY2pNV3VmZUFxeUQ1WkVoenhzT2p6R2lqdHhBNXp5UnVMX1d2aEVPTlQwWFRuZmlYVTZDNVVQY3BMajFGWkhzMVBrYmpid05NMmoyVEU3MjR2Q2ZvUTBUR2JlTlo?oc=5
2026-01-14	Google	0.0	Bahrain, TotalEnergies create BxT oil trading venture for Mideast - Stock Titan		https://news.google.com/rss/articles/CBMivgFBVV95cUxPOUxtSmZ6c05HWTBaYy1tRmM3YnhLSGpSc3N2Y3NKSm5qTXpUbmpjaHc3TnlSUWxub1FnZEZHSUh1bzFrdmJVRXZQSzNOYlFnRG9IbTlKYUJRc2F3UmgxZUxEekNYUjBQMXN5aFJTY0VycmxpMlhuamJKeTBYeEtiTmRXU1lhVm9jU1hvZHMwM29ZT1E4NWUwMnE3NEVQUkl2NUN3SmtNaXhvc3psX19iMWpRanIxMmlkTlFBZ0FB?oc=5
2026-01-11	Google	0.0	Complementary Value of Transthoracic Echocardiography and Transcranial Doppler for Screening in Cryptogenic Stroke - medRxiv		https://news.google.com/rss/articles/CBMifEFVX3lxTE10Mmg5X3o2Z3dCVGhuX1RGSE9RVjRiUDJPcnR6eEJqSW04QjliR3JPVjFPb3VXMEFtaEN0Zm5pT1dXMzU3ZnB4c0RNano4UXQtV3J4UGRuRzBmTlpvNFVDYnRxLVBVYmo0QV9KUEhTOXNqc1ZuQ0dCZUhoclA?oc=5
2026-01-10	Google	0.227	Assessing TotalEnergies (ENXTPA:TTE) Valuation After A Wave Of Positive Analyst Ratings - Yahoo Finance		https://news.google.com/rss/articles/CBMilAFBVV95cUxNajlkSnRuM1l5WWFORzVtTUpKSGJfNk84dy1GNW5waS1weGloU25ySjk3YmsyWFBPRDBaLWFZVk5Sc010SXVlNTBaZHFQazktWF9Hd1BmSFptYnpmQm9yeFhMMDhkRGxGbUN1TlZYQlpmTG1pWWltWk5DSkZ3V2tOZUdSam5Ta1ZGTzlzY3gxWC14YXlJ?oc=5
2026-01-10	Google	0.0	Is There Now An Opportunity In TotalEnergies (ENXTPA:TTE) After Recent Share Price Weakness - Yahoo Finance		https://news.google.com/rss/articles/CBMijwFBVV95cUxQMEVrZ0lOdEN2bnRPUGN3RUNCQ3hndUxhRHBMUkkwZlBoQS1GOGNDRXJHd2hUVHJuWWFFTS1wUHZyNTlDZ2x5cEVMSi1WbHlMQ0ZvaTM2Sno5Zm1fUkhmLXA5MDBlZmNldjlHQTFMajJrMTJWa0hrdHVZZFUwMGVUVnFXczB2dU9Gb1k4VWJpZw?oc=5
2026-01-07	Google	0.0	How Buybacks and Seagreen Constraints Could Reshape TotalEnergies’ (ENXTPA:TTE) Investment Risk Profile - Yahoo Finance		https://news.google.com/rss/articles/CBMikwFBVV95cUxOX2dMVFdSOXQ5N1dKcDAyNS1rTjJnOGI2WW11Q01FRVhDVng5c1EycV8wT1UtZnJqR191SU1RX29tTlR3ekloZEtzcGdXV0tzeENEM3JjcHI3R3BUYmFSUWh5VXdkRUxkY1VpV0NWTlIzZUFta2RGa1BEbXAyWG4yOEhoQkMxeW9hZ0ZsejJKWmtDeDg?oc=5
2025-12-16	Google	0.05	Should TotalEnergies’ (ENXTPA:TTE) 21-Year Malaysian Solar Deal With Google Prompt Investor Action? - Yahoo Finance		https://news.google.com/rss/articles/CBMiiwFBVV95cUxPanZJSlJLUEpWSkc3SktlYkdSTVlXN1V5aWpscnUyazZKbkhRRnBONXlpaDNoMVFtdndkNTVyYU9KMFAzQnBldmY4SmozVEdNNmJkOWJfTTZ0N1YtbUdVbXh0TjZiRHMtRVRjekRrUnJNcHd3NEpZN1BjQjgwRkRhRWVjYmFKMHg0aUZV?oc=5
2025-12-16	Google	0.0	TotalEnergies (NYSE:TTE) inks 1 TWh Malaysia solar PPA for Google data centers - Stock Titan		https://news.google.com/rss/articles/CBMiugFBVV95cUxQS0hLMkVKT0xjWHhZYjc4QUJLc09fWDRJNFROaXN5c2g4cENORS1VVGsxT2NFUlFrTG5ZSExYUkU1elZOVllCbHFZdFRiWDVDbmYweTZQRXEweHBMY0xqNHR1ejlwR1RUNWt2djlGWk9HVzRaY2JaYUVxRXE4YTlCSG82dXJkTUVTNG5zMC1rYVZYMmpvX1U2VnFJd1FnR0RuSnA5cHg2OEp6Z3RDZHdRRzNIcHp0R2RuQ0E?oc=5
2025-12-16	Google	0.0	TotalEnergies (NYSE:TTE) sells 9.998% interest in Malaysia SK408, keeps 30.002% - Stock Titan		https://news.google.com/rss/articles/CBMipwFBVV95cUxPUmdQZWw0ZU1HMG1NODlNUkJ5cEpzb2pCX3hob2FNWXBwNmp1WHQ5eEhDXzBSRWxFdGpOdzNabXRoeU9yc3JkNWZZUDVsb2F1bERkdGtVVDRHT2NqOWxhSEJaeWRXdUl6cUZabEl6NlNZRTM5ZXZsTm8xMG43SGZKaDhnYk11Vk84Sm9OT3FGS24tR0FCTm5vVHZPWmdVWld5ZWpGTm5OSQ?oc=5
2025-12-16	Google	0.0	TotalEnergies signs deal to power Google's Malaysia data centers (TTE:NYSE) - Seeking Alpha		https://news.google.com/rss/articles/CBMiowFBVV95cUxPeUhDOUw5b0pmQl8xX1BWVnBJTF9raXkxS2lSR0tQeE5mYlgzdDJQQld0ZVdjQ2VWNE9hN2F3em5kampMOC1fUU5JTDFtZklWTFlJdmdmS1ZVNjYzVmJlTWl6QWU0OURVX2tjY2M1S1Bwc3VkT25XRXMydVU4cm8yeWZUd2FTeWhzdzJzdGhyZ3p3ZFJUTkpsUjU2c01aczRuQ0NF?oc=5
2025-12-08	Google	0.045	TotalEnergies (NYSE: TTE) to hold 47.5% of NEO NEXT+, new largest UK independent producer - Stock Titan		https://news.google.com/rss/articles/CBMitAFBVV95cUxOTGs0RnpvT3V1QmFDTDZvY1hEZ0d3c05EdW9ndTJYWGZHMThfd3NsN3UwdUs2cGI0UXVrbHVodFo0MTRnQ0V0T0NtZERHWkdzNlFPVjhtZ09PV1VEajBiNE5xaHFqODhCUkhKalhHM0VBUUswMEZnZ1VFUUstRklBcjduaUVWZ040LU4xNWpYUnpMX1Q3bnhMNFRwbE1VczJUbE5PM0RQWWg0NGNWbnY2eHlkTS0?oc=5
2025-12-08	Google	0.025	TotalEnergies (TTE) to Become Major Stakeholder in Neo Next+ Pos - GuruFocus		https://news.google.com/rss/articles/CBMiqwFBVV95cUxNdkpOVjlDcjlVOEkzYURCdFMyY2l0VGtMYWhXSkpvSGZMVnZlUUNuNEk3SzYydnc1Mi1rRUpaUWdxWlZuaFBiQ2F1SUxEN0cwaTY2T1dYN0U3YVlGWVcxWkhUSHdMOWprVk1PREw2ekswbmFKVW9LVVN2QnhjZmlrbU56NHMtNkxScWxUSTJMZGdXVmlDZmtMQm9yT3lTM3ZncVg5ZFZlMGFGOTg?oc=5
2025-12-08	Google	0.0	TotalEnergies Share Price on Euronext - TotalEnergies.com		https://news.google.com/rss/articles/CBMilgFBVV95cUxPM3NjSUo4QlpQa2M5VE1XMFIyaW9lMzRlbjVXR183eXctQ0wtTHREYnVWNGFtcVFOd0trSHkybkxzUVNZZEEzaFgwYmJ3QTR5VlRBblEzckpWYWxYMS1wSXV5RmJuY1ZneTIycEY4R0E1Q1lOUDJPYTRZQlkzS3EwekREWDZTQjNwbHlrcVRMemV4MllKRlE?oc=5
2025-12-08	Google	-0.167	TotalEnergies announces the commencement of trading of its ordinary shares on the NYSE - TotalEnergies.com		https://news.google.com/rss/articles/CBMitgFBVV95cUxOTGtaQ25OSVplZlg3UXpTNG1XeHVTYlRrcERYckUtcTVUclVJQk9yZkRVTW1zanBoZ3VHdGd0bEM4cjN3eG9LWVppX1dBN0VwQ1dBQlpBdFRvVFpzcEZXMkNZMHctOFEtYWV6cVNlWXhpckt3Z2ZkVWxFajN1bmxhcDRvZzhwTWhwSU5PcjVsY204X21penNnZWt6ZFRvQTFsd3pDbkprYjVneG84eGFPM0t2cmdoQQ?oc=5
2025-12-05	Google	0.0	JP Morgan Downgrades TotalEnergies (TTE) to Neutral | TTE Stock News - GuruFocus		https://news.google.com/rss/articles/CBMitgFBVV95cUxNU3hRN1A1UmxOU25sNmxjbmJCbHlVLVl3N2dKZWk3TTlQc2d5T1Y4TTB4UXMyNkY3UFE5a2x5enppemN3R1BrdlVJaVZ6dWpDSnlNOXY1dmw3RGFaMjBGTkNnQW5xVk15MHh2clhFX2RjXzNOeGgyX3huMDE4XzIwSExHcnB3LTNzMHhpZ1JueDFHYXZoTlg1NUtLWXZINzBEdHIzTjlaZU9fRldwb3ZRTW9nRWFmUQ?oc=5
2025-12-02	Google	0.083	Is TotalEnergies (ENXTPA:TTE) Still Undervalued After Its Recent Steady Share Price Climb? - Yahoo Finance		https://news.google.com/rss/articles/CBMikgFBVV95cUxPbS1iTmhCdnZGMHBWZC1SX21zalFkd01ZVmd0cXQwc3ZQai1fYllFNk4wQUQ3LVIwRk9wTEhJeGljaFZodUkzN29uNnF1d3NqcFYyenZyR1FCc3FEYklIemdURHU5V1Y0VzZjV1VTb0JsbGRPTk1ra043Ri0wbGlmQmw2MXRuVnEtZ29kbUpSU3dpUQ?oc=5
2025-12-02	Google	0.0	Mozambique LNG : Clarification by TotalEnergies on Financing of the Project - Stock Titan		https://news.google.com/rss/articles/CBMivAFBVV95cUxPMEFrS3BoNzBPVEh1UmdycXp0RFY1bEdnbjVxd2E4NUNDV1pVQ0VNZ2tPR3hFOFFZQUVhNDRIUHdaUTFmVm1uRWV6SHZWMVpEMDNramlvemJFaVozV0szdkJzbnNxTXNndk02RnNsRGFXYzJ1OE8wNzVnRkVRNHd6djVreU9la0JHc0xEaEp5bWV1QkNUUVYwczVKUmoyYkk3R0RuV0hUY3lnYV8yYndrNXdIN2hzbzJOZ19uVg?oc=5
2025-12-01	Google	0.0	Exploration: TotalEnergies Strengthens its Global Collaboration with Chevron - Business Wire		https://news.google.com/rss/articles/CBMizAFBVV95cUxPcVZyNDUzOU1QTlRHbkpzOFFKT3Y5MkR4WUxyU0RQOXl1bFRqMUR3czEzWTIxenIwRjNQMnF2cjYydkZvRzdnT2p1YjRWdFZNTEpXbnBVcWpyNTBzaWRuNFhKbF91S0liRWZaRGQ0eEM2UzB5N2Yyc1RRQWxhTnRKZnB0V0dnOHNUWlVTbGVhZDhjRC1sWEhXZVVIcloxNDhTUGNjQzh6VHJ3TTF0RTNMalE1M3dRSVdMLVdpUjQ0aVl0VDktTFFJOGl0cjg?oc=5
2025-12-01	Google	0.0	TotalEnergies (TTE) Faces Setback as U.K. Withdraws $1.1B Financing for Mozambique LNG - GuruFocus		https://news.google.com/rss/articles/CBMiywFBVV95cUxPeWhkVkk5QTYwWi1QUTVFWEh4Nms4V3hiel9ER29pOFNLQW9XUTROYklOaHo5VGVLbS1mTjZqbTBqZlAtMzJ1UjRZRHdDUmtnM1d6blhSdlk3aFBKWFY5N3V1ZUQtSXIwT2lvbElOMVE2UC1qWGxBeXRpSlNpbjFBU1QxeGdDX2hEUm13ODFPejhiUU1RY3o1WVVoTGVZcTFBbEt3OE1BWm41VjBXdXhYT2Ntd0R2VUZOWVRVMWtsZzdHZlFqdmlTSFdpVQ?oc=5
2025-12-01	Google	0.0	U.K. pulls $1.1B financing for TotalEnergies' Mozambique LNG project (TTE:NYSE) - Seeking Alpha		https://news.google.com/rss/articles/CBMiowFBVV95cUxNRzVvMENneGpBWmxFM2VZVmtNUm54amdHaGFsdVNneW1nZmtVTnFWak5xdEhlenF4T1lnMkkyU3Vzbm1mWHhFQXdPNy00ai1lOTdBT0UwWnpQRkdBWWdIVXJldVN4ckZITE5qOFhSaEgzMkRraThhX0xzTHZxX0lKb2NpVHY1M0xvUVE2ZlByXzVoaTltV0Q0T25BYllZbUtFQWhN?oc=5
2025-11-30	Google	0.28	Sell Repsol: Buy Total Instead For Its Superior Profitability (REPYY) (TTE) - Seeking Alpha		https://news.google.com/rss/articles/CBMingFBVV95cUxOeXgtWGFEYW92RVBncnVGSmZJVW92T2xVX1Juc3o0LWUtaFJ3dWVQeHZDaDJqUVVCVUxkZURWMVhyTlVDeXJtcGh4QXV6a2JWc2plQ3hOanhXajNaWFhIVlJFUVdHRmJJUGRrUF9GXzd6a1FrVDhQSGppVlNDLXVRTFFkQXU3YWtlSmJFY2hhaHh3RmlMTlZqQjNZbk5EUQ?oc=5
2025-11-19	Google	0.0	Piper Sandler Adjusts TotalEnergies (TTE) Price Target to $70 Amid Mixed Q3 Results - Yahoo Finance		https://news.google.com/rss/articles/CBMijgFBVV95cUxNVlh6ZXNTdnRRYlFodWRDNjJWemMwY1B4S3JTMm9mVEtHY3ozOHlESy02ZmxOczJxanBVeFBlM2k0TkY2cW96S29wWWpzOVprREVGTjBKNzlpWFJ4M1dTaWRoaVFzSWROYTBPb3A5RFlyUElBbHZKM3JJWm5QS2tkRW9VUVp3bHZsdHlhLVJR?oc=5
2025-11-18	Google	0.0	A Look at TotalEnergies (ENXTPA:TTE) Valuation Following Renewables Portfolio Shift in Asia - Yahoo Finance		https://news.google.com/rss/articles/CBMijgFBVV95cUxOSnROR2Y5Rm90bnFKN2FvSUJISHJsMkFUYXYweFdNVkg3UklMZ3pRX25YZmVCQmFhNzBwb3N0ODhWRkVMa2FYVUFKcGFwYUptdVVQaFFEbWl5WFE1eVRQM2UwOEZDS1JfV1dFRWczWHIxMDVnWEhTNEpkNVd4U1E3ZmVRNzhsSHhyWlBKbTB3?oc=5
2025-11-13	Google	0.367	TotalEnergies (NYSE: TTE) backs 200,000 clean cookstoves, reaching 800,000 in Rwanda - Stock Titan		https://news.google.com/rss/articles/CBMiuAFBVV95cUxPNnRiOEg4bXBmU3ljR0pOZzRFVFp4ejhoQUpQb3lOdUppbHhlYmdPUXBQR0RTRy1QSFZvS3laX29oSzctbDF1VWtlNUVMaFQyZC1qcGNtVlVHSU1lWUlSbmxoYzNXY21DSFFQSS15dzl6TXpFSXJIQjViOG16emdsT0lBX1A2TmNjUE84TmlqMldmR2tXb0xEUmI0OVkxdHFxUTUwZTRMUEJYUUNrRGo0X1JzQVRFb2pk?oc=5
2025-11-11	Google	0.0	TotalEnergies (NYSE:TTE) named operator of Guyana Block S4 with QatarEnergy and Petronas - Stock Titan		https://news.google.com/rss/articles/CBMisgFBVV95cUxQT09XdWgzcTRIMXRvSFk4RzdNUE5CVkdpV0txY3BidUNCVDdjTjcyS2JmeC14dEs0c3VHeGRwTWx3VHpEYlZwREdVRVJtY21Oajd6RXIwal9aRGFvVDJmcWtWMEdaV0czNzlBSTNjc1NvRTQ5S1dqdUtTV2FHazNicC1RNjlKTkN3TlBRbVIzc3lldGpaeUJ6UW1fcEktVkh3NmlXTnlGZi1xYk8xbG5Pb0tR?oc=5
2025-11-11	Google	0.0	TotalEnergies: The Cash Is Flowing + ADR Conversion As A Catalyst - Buy (NYSE:TTE) - Seeking Alpha		https://news.google.com/rss/articles/CBMisgFBVV95cUxPbkVpaVdPV1JWVjVMZFVleVlLckxyUHZZMWQ1TXhibWFzTE80eUFGOFEzbExyQmNxOGNCNmtpMjZ4eklrNjl1Q1hDN2w0QkdQUU1qYlpvVWx3V002ZTlEYWtXZndtMEp2ZW16SEhSQ2dhaDJOV3BhZTB2eFVmVDB1MUUxc2phczFJNXFZYThFVDgwTF85bUdmWXRITk8xWjJXbjF0MV9CR01yVXlQc0ZlRlFR?oc=5
2025-11-11	Google	0.0	Will Guyana Exploration Deal Redefine TotalEnergies’ (ENXTPA:TTE) Upstream Ambitions and Dual Energy Strategy? - Yahoo Finance		https://news.google.com/rss/articles/CBMilwFBVV95cUxQOHFackYtY3luUnFKMkxSNmRhTzRpS0xZQzh0SUpaN1R5WU5abEFYTGg3MGtnZmV1b285T0JaRnBQcElZdXZlbVpmZDNJQl9wYUswOGN3Nm95WGl3bjNvN05pMG1GNUw5d0pYSkQxMzNSWnpLSzg1Q2NCN2o4eVVIWGg5U0tSYTRwVTAzT3YwMHo5ZHU3Sk93?oc=5
2025-11-11	Google	-0.225	TotalEnergies: Playing The Long Game As Energy Markets Rebalance (NYSE:TTE) - Seeking Alpha		https://news.google.com/rss/articles/CBMirwFBVV95cUxNVEJFbUhyRFJFRTFOUktHRUl2bDZxQndBdWZZckhGazF3SWRzbGhkZXVEd2xuWTlrU2V3QUlIWTliRF83RmFqZVVHMU1UUXVzX2NROVJKcS1oZjh3NTVDcmlKZ0lIR1BLbGdENkJaX3lVQ0cydzcwQlVvak5KRjdLclVWN01qMkhqN25RODQweTU0b0FHMGV4UloyTXp3V2x5aE5JVkFUa2lXUWduSVFv?oc=5
2025-11-04	Google	0.1	A Fresh Look at TotalEnergies (ENXTPA:TTE) Valuation Following Recent Share Price Momentum - Yahoo Finance		https://news.google.com/rss/articles/CBMiiAFBVV95cUxNVjdnTzV1MzBWVzBTY0d5TWdIYk1RWTVtaEU3SElJM3hfc1prS1ZMYjVGYTlwOEVDMmlwdElUYUxsQ1RfTXNXcGJfOXh4T3pucU9vRWFjTWhrNlpXdTdSN1plN1FYaklRYk9VQllDRk1sU1NSYTJ1Yzl2b1JKcUZqbTZROHRPbVo1?oc=5
2025-11-03	Google	0.0	TotalEnergies (TTE) Falls Short of Estimates in Q3 - Yahoo Finance		https://news.google.com/rss/articles/CBMijgFBVV95cUxPOHZTSjJ0YldueEV5bGh2OHpLMGVvcnFWLTRudHN3aklBeHo3RHQ0TUlhbjFrMzJ3X2RXTHFHZEVKQndyQW9KTUg5Yy1hMjNtSDdxT2d1V2d4dU9FOWdWQUxoLVhOZHZiaGFzT1RLcHJRblAtWUFBVFRiR1N4aFg4UHI2WHBOeFRrVnF5TnZR?oc=5
2025-11-03	Google	-0.05	Transthoracic echocardiography for evaluating cardiac parameters in growing piglets - Nature		https://news.google.com/rss/articles/CBMiX0FVX3lxTFB5ZG45VzdIQ1VZMHFxZnNKelBZY1k4akp3cDc2N0Q2WHZMblBMelJRQ0xOc3l6WDFlRWRLLWt0WDF0WWMyTUJjNklaSGphd2prX3hvaE1FVDdsbTFYYncw?oc=5
2025-10-31	Google	0.0	TTTECH releases version 5.10 of its TTE-Tools network configuration tool suite - TTTech		https://news.google.com/rss/articles/CBMifkFVX3lxTFBUZ2VMZjRfVUFhRUVSaFlqZGQyMjd2VHlCbERTRlRocTNqVEh2bGgyYjJyS3BzQmhRNDMzLTFOZDN6Y3NoZVRuZy03UmE5UHVuQ2RxOXhBdGd6VDNzNlJhVVk4clB4M1dRUFljZmVYWGNRcm9hanBZU2ZHb3luQQ?oc=5
2025-10-31	Google	-0.1	TotalEnergies (ENXTPA:TTE) Margin Decline Challenges Bullish Value Narrative Despite Low P/E and Past Profitability - simplywall.st		https://news.google.com/rss/articles/CBMizgFBVV95cUxOZnNuTUhJQ0ludGdLYmZtM0E5dF9lTmRQWlAzUzA0azNhRnlnOTNNWVBBdGhPdGxXb0FFRk5IeV9wamFPX0Q5NmE4U0FXS0xUckFfWGtwZlJIa0c1VjRPVXhYY2N1YnZKLTlVX1hIcEtUY0JiSjQzckJHX2NvODNBRG1CUEk3cjUzcEE1Ym5TZUE0dVNtOHY4aGZiQjJLVzlwakJveG83RkdrSGp6X3JYbzdLQ3hfVlgza093VE1TdE5qVk5tSjVNcXBvTENXUQ?oc=5
2025-10-30	Google	0.289	TotalEnergies SE (TTE) Q3 2025 Earnings Call Highlights: Strong Cash Flow and Dividend Growth ... - Yahoo Finance		https://news.google.com/rss/articles/CBMif0FVX3lxTE9xNjltS01RZ0hFaFJPblBDYmoxeTNTcndmX2JMeVFTRC1QMUgyb2M3TUF3Y0wtWkktSEttRGNwTjFRSE9HWkNBNG1RY2pqUnFNYjBLY2hQekswc0FObHVMUDltZjBGbWp1RWVfREM4X1QydjNTMjVSQ0xJNk50WVE?oc=5
2025-10-30	Google	0.0	TTE's Q3 Earnings Lag, Sales Beat Estimates as Production Ramp-Up - Yahoo Finance		https://news.google.com/rss/articles/CBMifEFVX3lxTFB0MFE2akxoQklzNHBZN3pRbjZZN3hJRDFnNWlrazQzQVA2WTgtSEtjRmJrMGRNbl95TklSeWstRF9KTVd2eGZCRVl0ZS1QU1g4dkswenhKU1dpSGFUZ3RxeFloeVEwY1lLOHBLNkxLb3RrM0VRUFdJZTN3bmQ?oc=5
2025-10-30	Google	0.0	TotalEnergies (TTE) Misses Q3 Earnings and Revenue Estimates - GuruFocus		https://news.google.com/rss/articles/CBMirgFBVV95cUxOVms5ZGZyWUcydVpWWUo0MzN4R2VPWWxCaDNYTEFraWFBZHRvcHRTZlJuNHN5QTNvU1R3YXZkOXZvV1BNY2hZWTZkWmNFdnJGM1ZPRlEzOFUzZ1o0VUIxeG1ib2d3SzF3a1RjMURrMVFWYm9RQXlRZTU2dzhzUGl2OFhvTnJCdjgzdXNYa01KRk9MYnhyWU5oMlhELUNBYk15di04MHRSVFpOc0VScmc?oc=5
2025-10-30	Google	0.0	TotalEnergies (TTE) Reports Q3 Earnings: What Key Metrics Have to Say - Yahoo Finance		https://news.google.com/rss/articles/CBMiiwFBVV95cUxOTFE3TzhhUURzNjZuQUtOVUZSdHlLNGI0WkhsS0F0V2N6MUtiN2tUTUlRUDR4TzBLMnplT3A5TmpodHV0blpTd3FwdEZTR3dMZHU5ZXRvUENIQWRCNVJmMFpoTE90UksyMFFJQklTXzFSeUtMZVFNd3FVM1RuUk9RbHlQOFhTTlQtMmM4?oc=5
2025-10-20	Google	0.2	TotalEnergies (TTE) Gains Following Expectations of Better Growth in Q3 - Yahoo Finance		https://news.google.com/rss/articles/CBMilwFBVV95cUxNS3RzSGYyaFpWRW1Mc3UwTHlBM0JrVzhwQk9XdDNmOUtYVWFXbjNZc1FFS1VRQnlZczVLREVvaGRNeTdSd0hISWI1SUdQNzBfeTFnYWNqSFJXQW9mQ0FEZU5OcXpKRXVBZ1ZOVVF0dUNOSDY1YU5Uakg0Z3lGSEJ1QWxWeWE3YXRzMEVtSlI3Q3pUVG1oQzU4?oc=5
2025-10-20	Google	0.0	Transport, Telecommunications and Energy Council (Energy), 20 October 2025 - consilium.europa.eu		https://news.google.com/rss/articles/CBMia0FVX3lxTE03eWxYTTI3U0NKNFlVc0tiY2RWU1VfYm9yX2F4WmE2bTRwY0dteERCNTZmRUF0M1ZJZnhIUDJsaWFiR3hmeC12aFhLNDNlbGRkb09aeXNFMDRKaWttQmdzWU8xWUhsNFJaSl9n?oc=5
2025-10-19	Google	0.289	TotalEnergies (ENXTPA:TTE) Is Up 5.4% After Strong Q3 Production and Margin Guidance Has The Bull Case Changed? - Yahoo Finance		https://news.google.com/rss/articles/CBMif0FVX3lxTFBDRndYYmZlXzJRbTBmRzlXQkgwNjNBWGQ2Nm05NW5fbGpiQ3J0UTNvYXpyTTJFWHZSUGxTM3oxVEkxd25tOGwyNnRScEJPTDg4MjJTTGVBTFRUMTRLaWdJMkJuQzZnTGdoZDNpNVN3N3pKZXNzVFozc0xab0RtUTA?oc=5
2025-10-15	Google	0.0	Why Is TotalEnergies Stock Gaining Wednesday? - TotalEnergies (NYSE:TTE) - Benzinga		https://news.google.com/rss/articles/CBMivAFBVV95cUxNV29sQjJYQ3h5S1R0S2VaTXYxdGVCREt2dHJja0xqLWZOQjdfT1pWa0xIWFgzYW5ZWUQ5RHZZVmp2TkRFX0xwRGVoNm5CUU9JN2p5dEQ5MlJXXzJzMzZKeXlTLWVLZVpBVXJhQUhOYmI5Ul8yWEJLMmdhc3cyQjM0Qlkxc2Nid1FITkFNRjRLVFgtaVNySWxYa0hvV1R3ekhqalhoeVQ0ZTZlWVJQcVJ1UUJyNnJtODctejYtTQ?oc=5
2025-10-14	Google	-0.2	When time turns against you: What a negative TTE means for cyber resilience - cio.com		https://news.google.com/rss/articles/CBMitgFBVV95cUxQdVNMSF9HVUZiODRpV1ltQ0JQRThyMWpIUVg3ZFNpQ0FsbmpOQ2VrQmpOU0NuWHlCTUNPa1dmVmtkLUkwZTN1RVUwOW05M1V4V3NsTzlJUFFIaE4wNXRtczV4aGNZb2JkT0dfbV9uR3ZvbF9MWXZPcnJ4V3VaV0dQX2czYUdrM19QbGttcTVIOHlRWVUzMnFCZ3RBblRTV056d1BHSWZfUzlsMGZaSjVrWEpZM0p1Zw?oc=5
2025-10-07	Google	0.0	How Soon Is Too Soon? Triaging Inpatient Transthoracic Echocardiogram Orders to Reduce Turnaround Times - JACC Journals		https://news.google.com/rss/articles/CBMiY0FVX3lxTE1ESGpnbW94bm8xSDV3NXM0cUFETEJZS2VyUXdJYnVleE9KdEJnenpwcGxRV1B0SGR4bjhubzY5Xzh5YXRoWXVyRnA0Rk1IMEY3NGRpYXY5LVV0cllNNk53TUI3bw?oc=5
2025-10-05	Google	0.0	TotalEnergies: LNG, Portfolio Shifts And Capex Discipline Create Opportunity (NYSE:TTE) - Seeking Alpha		https://news.google.com/rss/articles/CBMitgFBVV95cUxNaENjTUl4MmpTVG1YaW80c21kVWNPZHdZbHhfcVdkRXBQZWxqN0VXUm00ZVNzYjNKR1dQTUViTnVPTnVNRm9pRWJkWk50MjdKelZnRWpQbDNFeVBzaVItM3Q5TFp0aWtkM1pkdXJBNUI0aFczTVo5QTE0b1dJTFNFZUxqcDdFaUJFUUJENklHZEVmbi1yVXhlMjgxdzZCUG4wb1JyWDFhcmxBWE5NRVAzUFhFUnNiUQ?oc=5
2025-10-02	Google	0.0	Boosting power for time-to-event GWAS analysis affected by case ascertainment - Nature		https://news.google.com/rss/articles/CBMiX0FVX3lxTE9FUzBPd3N3MTVvQnBqNEdLUkFURk1zU2Z6eXd4ajlrZjFFbWRMUXg3UzdWXzVRdjNQaDhTSUFQam9VWGhZRzVDd2tBRDA2bDVTNzJBcDlaLU1YUXJSVFdB?oc=5
2025-09-30	Google	0.667	TotalEnergies (TTE): Among the Best LNG Stocks to Buy Now - Yahoo Finance		https://news.google.com/rss/articles/CBMihAFBVV95cUxPRjlGWkFVX2NaVmFOQTdkdnd5RWp3VW9kQ2w1Uk9YaWVzaDBZZVUyZ0JsZ3ktamRFX0FJVDhWdGlMa0ZkUFVVYXF1ME1oYW9ucEFIOTdfTjZOQTlpZHkwYTdvVHMxSVMtSnpWb2tpQkZaaVROZy1XdVdQTC0xRlFMXzJaVFM?oc=5
2025-09-30	Google	0.5	TotalEnergies: Going For The Top Debt Rating (NYSE:TTE) - Seeking Alpha		https://news.google.com/rss/articles/CBMihwFBVV95cUxQaE5rMm5HR1BkTUw4MXl6WEZWMlNpVTczRUZhODFjQmVXVGI0QkFFX0hucG9ManBBdjU0cGE3M3FUU2c4UVhScVF6eFVLbmcxT056ZmU4eEN2ZEtjSm5KZXhlc0c4cGRNZ1dYT3BEZmxOOEtWMjMtMS03emlQWGFKUmk2QWdBelU?oc=5
2025-09-28	Google	0.0	TotalEnergies faces investor scrutiny as debt rises and shares lag (TTE:NYSE) - Seeking Alpha		https://news.google.com/rss/articles/CBMipwFBVV95cUxPbGtxSzlYbUx6SFZhVktCQ3F0aGhKS3hUY3pmeEpfX3BkV2NDeUE3dUNMRXdBbkluaXJTZHpSYlQ1LXRYT05UNW9GYW1CeDZYRlV4S3RxbWJjRVp3OE83aXFUOXptOXZ4TmhJZ1l3U3RGTmhhbFY0QTJDdnQxZGxVRHhER2w3WFdHQjFJV1ZLc3NZeEk3b1NDdVlOQ2hPSWVUY05tQW9VMA?oc=5
2025-09-24	Google	0.373	TTE's Strong Dividend History Helps Get It To The Top 10 - Nasdaq		https://news.google.com/rss/articles/CBMihwFBVV95cUxNcTczdG1aSk96cGlXcGpQcFc1M1ZNT0dOZzZWWUxTRER6SDRJNnhpa1hVYm9CdTd4MDlibnFQQXBBMkdwSFp4YkRELXpPcGxLYUFaRlNpVXhabEIwcTcyZmV2cG91NEVKd0VDdGF6S0p3Q25laXdjMnNramJFOFZZU1VuWG1mSm8?oc=5
2025-09-21	Google	0.025	TotalEnergies SE (TTE) Announces the Start of Construction of the Final Two Major Components of Its $10-Billion Gas Growth Integrated Project (GGIP) in Iraq - Yahoo Finance		https://news.google.com/rss/articles/CBMiigFBVV95cUxNZDBGVmFCcU9GcFIydVhnQ0VHT0trMURTNUwyY3JDcDZ4a3RDNmFiMzh2R1JhdGd5SU5WTENLTmhKYnJCYlVPMjlBc1VOa21WRWpjZ0dKYkxhc05WaHJ5TEM1UzZWZkhsbVQxS1MxekVJS0dXTnNqZHdNM3dXSmdwcEFMT29KdEY5YWc?oc=5
2025-09-13	Google	0.042	TotalEnergies (ENXTPA:TTE): Assessing Valuation as Shares Move Without Major News - Yahoo Finance		https://news.google.com/rss/articles/CBMilAFBVV95cUxQTm9VUkhMX0Z4Y0JfTTVYYkUxdlQ0X0xqUHhZLWFvUHlLZXdiakpVUW81WVFsRmdoaDh6SDloUmI2UG4tZndvRFk2UVhCVTNGOURIQmtNSnRqRWQ5WFFEM3lscHhtcU9oNHpqcElmd1lDSm0zVmZMMjBnWl9ZcWNKRnhhT2I4RXBwdldxMEt2amN5VDd2?oc=5
2025-09-11	Google	0.091	TotalEnergies (TTE) Expands Nigerian Presence With New Offshore Licenses - Yahoo Finance		https://news.google.com/rss/articles/CBMikwFBVV95cUxORExuSXBScmJtQU1kOEhxVFlRQ0ctWFdFaFpGZXVaTjIxZ2hSUnNEZzZFZlQ4V3lpTGg2NHdBVE5ETUVXbWtSSjVsaGtoQVcyWGpmblloTVpqVHloU05NZ0NOVy1zbU5kdW51RndiSTFTQzh6bFh0NlVaX3d1cG42UWtwY0hlN2o2bnN3aG8xQVNSYm8?oc=5
2025-09-09	Google	0.0	TotalEnergies SE (EPA:TTE) Might Not Be As Mispriced As It Looks - simplywall.st		https://news.google.com/rss/articles/CBMizgFBVV95cUxPMWh3RUJ4cUoxWnZXWndKT2FONEtZMzA1a09DcF9UMk54cVFWWjdzb19uckZra2VrSXdWeGN0Vi1OU3BuMGZKYmRqdy1yVWJKbDk1dTNqTDhpNWNnUG5EWTZ1dE0ySHJvRGo2cE5uOUhlZzAtLTh3VHozZmdqVVVuNVNMTGtpeHRkZk1jaklraUQwWFNuaURvVWFWbmNyaTZjd2Z2LS0tdUZhbGhKOXpoQVh5T1pOMUEwNEVITDJEVXJtUUhJVU03elFsRExHUQ?oc=5
2025-09-01	Google	0.0	TTE & XING Mobility to Unlock High-Growth Battery Cooling Market - Yahoo Finance		https://news.google.com/rss/articles/CBMigAFBVV95cUxNUDdVdDlzVmhkWHJNdHpQM2wtOGh0eHdiVl8tSTBOc0U0Zmd0MGxnWEM5RmphakZTRTBmQ2o5OC02M3BHbXlldXhYX1dRZF9CYW00dXFhbDVDMGZVODU5S1VKUTVldDR2c3FPSm5CX2hZaUNPNUR5MVVnOEppa2ZOMg?oc=5
2025-08-25	Google	-0.2	TotalEnergies: A Company In Transition Towards A Green Agenda (NYSE:TTE-DEFUNCT-1536) - Seeking Alpha		https://news.google.com/rss/articles/CBMiowFBVV95cUxPakJ0aWcxeTBSbmJkaHc1clJ6TWpmeExNcGQwckwyWlFqZjZxMjdfTi1YWFBRTlhWVkJhSjlPWGN5aHhqRFhlSTdqZms1M3gwclh0cGo2WDBab25DTGxsYzZob0oyb3JndXFUYlBzejROemY5S1VCTU13RHdWdDFQMEk0MmZGNmY2SVYyaS1ZWkpSeWNOOTUzS1ltNDB0MlRLRXdJ?oc=5
2025-08-18	Google	0.0	TotalEnergies: Continued Long-Term Return Potential (NYSE:TTE) - Seeking Alpha		https://news.google.com/rss/articles/CBMilgFBVV95cUxNbmVoazAyWE9MN3YzeUJ6YUpiWWZBdElCby03clJtc182a0NEUGk1SG1NYUc3TXVZUjRHdEpOSFdEUWFVZXBMaXJ0TzJNdHF3VnpfVTJXdmZjdWtjVHY4Wk14Z3RVbndOTWk2SC01eGZjZjFTMGJtMFB1Zk1ocEhFeTZnbkcwbW9XcFhHQl9TM1MwRmxKdlE?oc=5
2025-08-14	Google	0.129	Comparison of left ventricular hemodynamic forces measured by transthoracic echocardiography and cardiac magnetic resonance imaging in healthy adults - Nature		https://news.google.com/rss/articles/CBMiX0FVX3lxTE9OSEMtUC1jQno5Vjk1c1oxTmdpTHdCdGJTRnJzT1dQdlpHNkxPdkFzOUE5em15cC13enRSQ20yRVVaVWJ5TDMwODZsTjVCajRqS1o1dFFZaXpMNHU4Z2x3?oc=5
2025-08-14	Google	0.052	TotalEnergies SE's (EPA:TTE) Fundamentals Look Pretty Strong: Could The Market Be Wrong About The Stock? - simplywall.st		https://news.google.com/rss/articles/CBMizgFBVV95cUxQakt4U210STNGczdXdTVtaVg1Q0tZNnh0WUxWblc1S19sZllGekpVblp4R2RrN0czXzdidFVadWZLQWhXUFFSTlM3UWJuOENfdVYyOGo4YWNGYlBVUEc1Zk1TUjBKYkp6LXVPVnl6ZTRfMlFhZEFyaWF5TTFNcE9BMjd2ejRwUHBPSjBMYTN0b0MxUjE1ZFh2d0xaV3VkbnkxZG94QWE3X2Q5dTl3NHBUdG9tQ3M1dC1UNDBpUGUybmk5MUYzMUgwOGZvT0pMdw?oc=5
2025-07-27	Google	0.0	Earnings Miss: TotalEnergies SE Missed EPS By 24% And Analysts Are Revising Their Forecasts - simplywall.st		https://news.google.com/rss/articles/CBMizgFBVV95cUxPVkRrSUpDZTBNWGtQTWw4RVZ2MXdjT0FIZkpacVl3TmdfQ0ZCX1VYRkJWUU1CeXBidVJFbDMya1h1akpwRS1hOU9Ea21iRXpEMFFIbVhWVUJPZmV2NDAzNlNuN291UXU3Y0gyYkZIdG9SOVphMzBuZTdsdmJuejV0NEtXck9ZRThDOE40OERXajNkRS1EVmFqMWxYeDZnV1hkUzRld1ZoUkhXdHlRNzNxbG9GNXg4b3pFWHVlWmhTUHdmcnFBcHpKQV91eWhkUQ?oc=5
2025-07-10	Google	0.0	Disparities in Echocardiogram Testing Rates: - JACC Journals		https://news.google.com/rss/articles/CBMiY0FVX3lxTFBBaVlRYk9jWS1JT2hMYVhSWXZ3YmU5UU1yZVJOYU9raDg5eVRBUzY4NG16NkdxS2tEeWpwTHZYWnc5QW5TOEFXQ2owMHBqUnd1eVRUQVRwWU5tX2xyYXVtREIwRQ?oc=5
2025-06-24	Google	0.0	TotalEnergies (TTE) Swaps Gato do Mato Stake for Lapa Oil Field to Boost Production - Yahoo Finance		https://news.google.com/rss/articles/CBMihgFBVV95cUxOOUotdnZCdWxzZnpNWjRoWEU2clBabHBhNk1vWFdDT3NNSUZuUzZud1Y4X2FTOWh6U2daa3BCa1JwZlBtdnBsa215c0ZHYmhaSkU1NFVZR1FiMV9CZktnT1AyMmhrc1B3RXpzbi16cVBDc2I0cTdobm15Slg4U2hQVlhfckZGUQ?oc=5
2025-06-11	Google	0.55	Better Energy Stock: TotalEnergies vs. Chevron - The Motley Fool		https://news.google.com/rss/articles/CBMikAFBVV95cUxNYTM0RUdUenk3Z3I5YWRLSHZ2clBRRWVrV0JyclZqQ2tGbXdTcFBQTTdRbTdxdDhieGR3bWlLd2hsWWxZMkx2azdVUC1LYzZPMzB1SGpDUjV2NVVjR0VEbnRMVkRrVll1bms5WVhJTVdZYzl6YTgxeUktajQ0dFFXWnhzekhyamlzaHdySDdXN3g?oc=5
2025-06-06	Google	0.0	Final Trade: TTE, BFA, XLE, LCID - CNBC		https://news.google.com/rss/articles/CBMie0FVX3lxTE9aRDItaEFjMEd4RUhOS0tfV1M2QVNZSnRIWlZFMGcxTWljaUdsa256bGRMa1A3MUpHZGJvVzdLa3EzUWZOQS1PODdhQXo1SEdXX1k3WUl2cDdUQzVkRGtfUWN1YnZJUEdjMkl3UlZBSnVIeTR0VTVEX1pRSQ?oc=5
2025-05-01	Google	0.433	TotalEnergies SE (TTE) Q1 2025 Earnings Call Highlights: Strong Production Growth and ... - Yahoo Finance		https://news.google.com/rss/articles/CBMif0FVX3lxTE5YMXYwUkp0ajlNbjEwaTBWUnRUd1BUZnB5VEhXY2ZRSmJMZnFVclZfNG1LalluVXZ4VHlRc1JTeE10dVFsR2k4LUl4UVAzNHEtVkdwaklrOXlCSVhXMDJYaGEyQWNKV1l2ZS1jSi1RLUY0MTdRSDBvNHFNcXFqVm8?oc=5
2025-04-16	Google	0.267	Is TotalEnergies SE (TTE) The Dirt Cheap Stock To Invest In Now? - Yahoo Finance		https://news.google.com/rss/articles/CBMigwFBVV95cUxPRWpVb3NHYXBDM2ZwMHBQWVBhZmFta3NoamE0U2laUUkxTnRsYkFHLUNFWHlLSjRNeWp1RmdoM0J2S1hmRk5HQWNsMWlETC1DbUFPNzJ3MHFyUnRoa0xtc09rNWtVdThUWTZLdEpNeVh3NEFLXzRjUWxvOVVkYm54SHdfNA?oc=5
